cpu_temp0c0,cpu_freq0c0,cpu_temp0c1,cpu_freq0c1,cpu_temp0c2,cpu_freq0c2,cpu_temp0c3,cpu_freq0c3,cpu_temp0c4,cpu_freq0c4,cpu_temp0c5,cpu_freq0c5,cpu_temp0c6,cpu_freq0c6,cpu_temp0c7,cpu_freq0c7,cpu_temp0c8,cpu_freq0c8,cpu_temp0c9,cpu_freq0c9,cpu_temp0c10,cpu_freq0c10,cpu_temp0c11,cpu_freq0c11,cpu_temp0c12,cpu_freq0c12,cpu_temp0c13,cpu_freq0c13,cpu_temp0c14,cpu_freq0c14,cpu_temp0c15,cpu_freq0c15,cpu_temp0c16,cpu_freq0c16,cpu_temp0c17,cpu_freq0c17,cpu_temp0c18,cpu_freq0c18,cpu_temp0c19,cpu_freq0c19,cpu_temp0c20,cpu_freq0c20,cpu_temp0c21,cpu_freq0c21,cpu_temp0c22,cpu_freq0c22,cpu_temp0c23,cpu_freq0c23,cpu_temp0c24,cpu_freq0c24,cpu_temp0c25,cpu_freq0c25,cpu_temp0c26,cpu_freq0c26,cpu_temp0c27,cpu_freq0c27,cpu_temp0c28,cpu_freq0c28,cpu_temp0c29,cpu_freq0c29,cpu_temp0c30,cpu_freq0c30,cpu_temp0c31,cpu_freq0c31,tmon_soc_avg0,freq_mem_net0,v_core0,v_sram0,v_mem0,v_soc0,pwr_core0,pwr_sram0,pwr_mem0,pwr_soc0,thrott_cause0,temp_thrott_cnt0,pwr_thrott_cnt0,ext_thrott_cnt0,temp_thrott_dur0,pwr_thrott_dur0,ext_thrott_dur0,cpu_temp1c0,cpu_freq1c0,cpu_temp1c1,cpu_freq1c1,cpu_temp1c2,cpu_freq1c2,cpu_temp1c3,cpu_freq1c3,cpu_temp1c4,cpu_freq1c4,cpu_temp1c5,cpu_freq1c5,cpu_temp1c6,cpu_freq1c6,cpu_temp1c7,cpu_freq1c7,cpu_temp1c8,cpu_freq1c8,cpu_temp1c9,cpu_freq1c9,cpu_temp1c10,cpu_freq1c10,cpu_temp1c11,cpu_freq1c11,cpu_temp1c12,cpu_freq1c12,cpu_temp1c13,cpu_freq1c13,cpu_temp1c14,cpu_freq1c14,cpu_temp1c15,cpu_freq1c15,cpu_temp1c16,cpu_freq1c16,cpu_temp1c17,cpu_freq1c17,cpu_temp1c18,cpu_freq1c18,cpu_temp1c19,cpu_freq1c19,cpu_temp1c20,cpu_freq1c20,cpu_temp1c21,cpu_freq1c21,cpu_temp1c22,cpu_freq1c22,cpu_temp1c23,cpu_freq1c23,cpu_temp1c24,cpu_freq1c24,cpu_temp1c25,cpu_freq1c25,cpu_temp1c26,cpu_freq1c26,cpu_temp1c27,cpu_freq1c27,cpu_temp1c28,cpu_freq1c28,cpu_temp1c29,cpu_freq1c29,cpu_temp1c30,cpu_freq1c30,cpu_temp1c31,cpu_freq1c31,tmon_soc_avg1,freq_mem_net1,v_core1,v_sram1,v_mem1,v_soc1,pwr_core1,pwr_sram1,pwr_mem1,pwr_soc1,thrott_cause1,temp_thrott_cnt1,pwr_thrott_cnt1,ext_thrott_cnt1,temp_thrott_dur1,pwr_thrott_dur1,ext_thrott_dur1
51.64,2207,49.96,2207,47.17,2205,50.52,2207,50.52,2206,50.52,2207,48.85,2202,47.73,2207,51.64,2205,49.41,2205,49.41,2201,51.64,2202,48.85,2207,48.85,2206,48.85,2203,48.29,2206,49.41,2204,48.85,2203,50.52,2200,49.41,2205,49.96,2203,51.08,2204,48.29,2201,49.41,2201,51.08,2202,53.31,2202,51.64,2208,49.96,2207,49.41,2202,48.29,2205,49.96,2201,44.94,2208,50.52,2304,0.75,0.90,0.93,0.85,27.01,0.54,15.12,17.34,    0,    0,2622752,    0,    0,458322749,    0,44.38,2137,46.61,2140,42.71,2137,47.73,2137,46.61,2140,44.94,2136,47.17,2139,44.94,2136,46.61,2135,46.06,2137,45.50,2139,46.06,2138,44.38,2135,46.61,2138,46.06,2139,45.50,2133,46.06,2136,46.61,2141,47.17,2138,46.61,2137,45.50,2137,44.94,2141,46.06,2135,46.06,2138,43.26,2135,44.94,2133,46.06,2141,43.82,2138,47.73,2137,45.50,2138,46.06,2140,46.06,2140,47.73,2304,0.73,0.90,0.93,0.85,22.74,0.09,14.58,15.81,    2,    0,466562,    0,    0,116852879,    0
50.52,2207,50.52,2207,48.29,2205,50.52,2207,50.52,2206,49.96,2207,49.96,2202,47.73,2207,51.64,2205,49.41,2205,48.85,2201,50.52,2202,47.73,2207,48.29,2206,48.85,2203,46.61,2206,49.41,2204,50.52,2203,50.52,2200,48.85,2205,50.52,2203,51.08,2204,50.52,2201,49.41,2201,49.41,2202,53.31,2202,51.08,2208,48.85,2207,49.96,2202,47.73,2205,48.85,2201,46.61,2208,51.08,2304,0.75,0.90,0.93,0.85,27.38,0.72,15.12,17.43,    0,    0,2622752,    0,    0,458322749,    0,44.94,2205,46.61,2208,43.82,2205,47.17,2204,46.61,2208,43.82,2204,48.29,2207,45.50,2204,47.17,2203,44.94,2204,46.61,2207,46.61,2206,44.94,2203,47.17,2206,46.61,2207,46.06,2201,46.61,2203,47.17,2200,47.73,2206,47.73,2205,45.50,2205,45.50,2200,47.17,2203,45.50,2206,43.26,2203,45.50,2201,47.73,2200,44.38,2206,48.85,2204,47.17,2206,46.61,2208,47.17,2207,49.41,2304,0.75,0.90,0.93,0.85,25.21,0.27,14.67,15.81,    0,    0,466562,    0,    0,116853204,    0
51.64,2207,49.96,2207,47.73,2205,50.52,2207,51.64,2206,49.96,2207,49.41,2202,48.29,2207,51.64,2205,49.41,2205,50.52,2201,51.08,2202,47.73,2207,48.29,2206,49.96,2203,46.61,2206,48.85,2204,49.41,2203,51.08,2200,49.41,2205,50.52,2203,51.08,2204,48.29,2201,49.96,2201,49.41,2202,52.75,2202,51.64,2208,49.41,2207,49.96,2202,48.29,2205,49.41,2201,45.50,2208,49.96,2304,0.75,0.90,0.93,0.85,27.45,0.09,15.20,17.43,    0,    0,2622752,    0,    0,458322749,    0,45.50,2205,47.17,2208,43.26,2205,47.17,2204,46.61,2208,45.50,2204,47.17,2207,46.06,2204,47.17,2203,44.94,2204,46.06,2207,45.50,2206,44.94,2203,46.61,2206,46.06,2207,45.50,2201,46.61,2203,45.50,2200,48.29,2206,48.29,2205,45.50,2205,45.50,2200,47.17,2203,45.50,2206,43.82,2203,45.50,2201,47.17,2200,43.82,2206,48.29,2204,46.61,2206,46.06,2208,46.06,2207,48.85,2304,0.75,0.90,0.93,0.85,25.43,0.27,14.48,15.81,    0,    0,466562,    0,    0,116853204,    0
51.08,2207,49.96,2207,47.73,2205,51.08,2207,50.52,2206,51.08,2207,49.41,2202,47.17,2207,50.52,2205,49.41,2205,49.41,2201,50.52,2202,48.29,2207,49.41,2206,49.96,2203,46.61,2206,49.96,2204,48.85,2203,50.52,2200,49.96,2205,48.85,2203,49.96,2204,49.96,2201,49.96,2201,48.29,2202,50.52,2202,49.96,2208,49.96,2207,50.52,2202,48.29,2205,49.41,2201,46.61,2208,50.52,2304,0.75,0.90,0.93,0.85,27.67,0.63,15.12,17.43,    0,    0,2622752,    0,    0,458322749,    0,44.94,2205,46.61,2208,42.71,2205,47.73,2204,47.73,2208,46.06,2204,47.17,2207,46.06,2204,48.29,2203,46.06,2204,45.50,2207,46.06,2206,45.50,2203,46.06,2206,46.06,2207,45.50,2201,47.73,2203,48.29,2200,47.17,2206,47.73,2205,44.94,2205,46.06,2200,46.06,2203,46.61,2206,43.82,2203,45.50,2201,47.17,2200,44.94,2206,48.29,2204,46.06,2206,46.61,2208,47.17,2207,48.29,2304,0.75,0.90,0.93,0.85,25.58,0.00,14.67,15.81,    0,    0,466562,    0,    0,116853204,    0
49.96,2207,51.08,2207,48.29,2205,49.96,2207,52.20,2206,51.08,2207,48.85,2202,47.73,2207,51.08,2205,49.96,2205,48.85,2201,52.20,2202,48.85,2207,49.41,2206,49.41,2203,47.17,2206,49.41,2204,49.41,2203,51.64,2200,49.96,2205,49.96,2203,50.52,2204,49.41,2201,50.52,2201,48.29,2202,53.31,2202,50.52,2208,49.96,2207,50.52,2202,48.29,2205,48.85,2201,46.61,2208,51.08,2304,0.75,0.90,0.93,0.85,27.08,0.18,15.20,17.43,    0,    0,2622752,    0,    0,458322749,    0,45.50,2205,47.73,2208,43.26,2205,47.17,2204,46.61,2208,44.38,2204,47.17,2207,45.50,2204,48.85,2203,46.06,2204,46.06,2207,44.94,2206,45.50,2203,46.06,2206,46.06,2207,46.06,2201,46.06,2203,47.17,2200,47.73,2206,48.85,2205,45.50,2205,46.61,2200,46.61,2203,46.61,2206,43.26,2203,45.50,2201,46.06,2200,44.38,2206,48.85,2204,44.94,2206,47.17,2208,47.17,2207,48.85,2304,0.75,0.90,0.93,0.85,25.66,0.27,14.67,15.81,    0,    0,466562,    0,    0,116853204,    0
50.52,2207,50.52,2207,48.85,2205,50.52,2207,52.20,2206,50.52,2207,49.41,2202,48.29,2207,53.31,2205,49.41,2205,49.41,2201,51.64,2202,49.41,2207,48.29,2206,49.96,2203,47.17,2206,48.85,2204,49.41,2203,51.64,2200,49.41,2205,49.96,2203,51.08,2204,48.85,2201,49.41,2201,48.85,2202,52.75,2202,51.08,2208,50.52,2207,49.41,2202,49.41,2205,49.41,2201,46.06,2208,49.96,2304,0.75,0.90,0.93,0.85,27.67,0.09,15.47,17.43,    0,    0,2622752,    0,    0,458322749,    0,46.06,2205,48.29,2208,42.71,2205,47.17,2204,47.73,2208,45.50,2204,47.17,2207,44.94,2204,48.85,2203,46.06,2204,46.61,2207,45.50,2206,46.61,2203,46.06,2206,46.06,2207,46.61,2201,47.73,2203,46.61,2200,47.17,2206,47.73,2205,45.50,2205,44.94,2200,47.17,2203,46.61,2206,44.38,2203,44.94,2201,47.73,2200,44.38,2206,48.85,2204,46.61,2206,46.61,2208,46.61,2207,48.85,2304,0.75,0.90,0.93,0.85,25.07,0.27,14.76,15.81,    0,    0,466562,    0,    0,116853204,    0
51.64,2207,49.96,2207,48.85,2205,51.64,2207,51.64,2206,49.41,2207,49.41,2202,48.29,2207,52.20,2205,51.08,2205,49.41,2201,51.08,2202,49.41,2207,47.17,2206,49.96,2203,47.17,2206,48.85,2204,48.85,2203,50.52,2200,49.41,2205,49.41,2203,51.64,2204,49.96,2201,50.52,2201,48.85,2202,52.75,2202,50.52,2208,49.41,2207,50.52,2202,48.29,2205,49.96,2201,46.61,2208,50.52,2304,0.75,0.90,0.93,0.85,27.67,0.72,15.20,17.43,    0,    0,2622752,    0,    0,458322749,    0,44.38,2205,47.73,2208,43.26,2205,48.29,2204,46.61,2208,45.50,2204,48.29,2207,44.38,2204,48.85,2203,46.06,2204,46.06,2207,46.61,2206,44.94,2203,46.06,2206,47.17,2207,46.06,2201,46.61,2203,47.73,2200,48.85,2206,47.17,2205,46.06,2205,44.94,2200,45.50,2203,45.50,2206,44.38,2203,44.38,2201,47.17,2200,43.82,2206,48.85,2204,46.06,2206,47.73,2208,46.61,2207,48.85,2304,0.75,0.90,0.93,0.85,25.58,0.00,14.76,15.81,    0,    0,466562,    0,    0,116853204,    0
50.52,2207,50.52,2207,47.73,2205,51.64,2207,49.96,2206,51.64,2207,49.41,2202,48.29,2207,50.52,2205,49.41,2205,48.85,2201,51.08,2202,48.85,2207,50.52,2206,49.41,2203,46.61,2206,50.52,2204,49.96,2203,51.08,2200,49.96,2205,50.52,2203,52.75,2204,48.85,2201,49.96,2201,49.41,2202,52.75,2202,51.08,2208,49.41,2207,49.41,2202,47.73,2205,49.96,2201,47.17,2208,51.08,2304,0.75,0.90,0.93,0.85,27.85,0.54,15.12,17.43,    0,    0,2622752,    0,    0,458322749,    0,43.82,2205,47.17,2208,43.26,2205,47.17,2204,47.73,2208,44.38,2204,48.29,2207,45.50,2204,47.17,2203,46.61,2204,47.17,2207,46.06,2206,46.06,2203,46.61,2206,47.73,2207,46.06,2201,45.50,2203,48.29,2200,48.29,2206,47.73,2205,45.50,2205,46.06,2200,46.61,2203,46.61,2206,43.82,2203,44.38,2201,47.73,2200,45.50,2206,48.29,2204,46.06,2206,48.29,2208,47.17,2207,49.96,2304,0.75,0.90,0.93,0.85,25.66,0.00,14.67,15.81,    0,    0,466562,    0,    0,116853204,    0
51.64,2207,51.08,2207,48.29,2205,51.08,2207,51.64,2206,51.08,2207,49.41,2202,48.29,2207,50.52,2205,49.96,2205,48.85,2201,52.20,2202,49.41,2207,48.85,2206,48.85,2203,47.17,2206,48.85,2204,48.29,2203,52.20,2200,50.52,2205,49.96,2203,51.08,2204,49.96,2201,49.96,2201,51.08,2202,53.31,2202,51.08,2208,49.41,2207,48.85,2202,48.29,2205,49.41,2201,46.06,2208,50.52,2304,0.75,0.90,0.93,0.85,27.78,0.72,15.12,17.43,    0,    0,2622752,    0,    0,458322749,    0,44.94,2205,47.17,2208,43.26,2205,47.73,2204,46.06,2208,44.94,2204,47.73,2207,45.50,2204,47.73,2203,46.61,2204,46.06,2207,47.17,2206,46.06,2203,46.61,2206,46.61,2207,47.17,2201,46.61,2203,47.73,2200,47.73,2206,48.29,2205,45.50,2205,46.06,2200,47.17,2203,46.61,2206,44.38,2203,46.06,2201,47.17,2200,44.94,2206,47.73,2204,46.06,2206,47.73,2208,47.17,2207,48.85,2304,0.75,0.90,0.93,0.85,25.80,0.00,14.58,15.81,    0,    0,466562,    0,    0,116853204,    0
52.20,2207,51.08,2207,48.85,2205,51.64,2207,51.64,2206,50.52,2207,49.96,2202,48.85,2207,52.20,2205,50.52,2205,49.96,2201,51.64,2202,49.41,2207,49.41,2206,49.96,2203,47.17,2206,49.96,2204,51.08,2203,52.75,2200,49.96,2205,49.96,2203,51.08,2204,49.41,2201,49.96,2201,49.41,2202,52.75,2202,51.08,2208,49.96,2207,49.41,2202,48.29,2205,50.52,2201,46.61,2208,52.20,2304,0.75,0.90,0.93,0.85,27.23,0.18,15.20,17.43,    0,    0,2622752,    0,    0,458322749,    0,45.50,2205,47.73,2208,43.26,2205,48.29,2204,47.17,2208,46.06,2204,47.73,2207,45.50,2204,48.29,2203,47.73,2204,46.06,2207,46.61,2206,46.06,2203,46.06,2206,47.17,2207,46.06,2201,46.06,2203,48.29,2200,48.85,2206,48.29,2205,45.50,2205,46.06,2200,47.17,2203,46.61,2206,42.71,2203,45.50,2201,47.73,2200,44.38,2206,48.85,2204,46.06,2206,46.61,2208,47.17,2207,48.85,2304,0.75,0.90,0.93,0.85,25.00,0.00,14.67,15.81,    0,    0,466562,    0,    0,116853204,    0
50.52,2207,51.08,2207,49.41,2205,51.08,2207,51.08,2206,50.52,2207,49.41,2202,48.29,2207,51.08,2205,49.41,2205,49.41,2201,51.08,2202,48.85,2207,49.41,2206,49.41,2203,47.73,2206,49.41,2204,49.96,2203,51.64,2200,48.85,2205,50.52,2203,52.75,2204,48.85,2201,49.41,2201,49.96,2202,52.75,2202,51.64,2208,49.96,2207,49.41,2202,49.41,2205,49.96,2201,46.61,2208,50.52,2304,0.75,0.90,0.93,0.85,27.85,0.54,15.29,17.43,    0,    0,2622752,    0,    0,458322749,    0,45.50,2205,47.73,2208,43.26,2205,47.17,2204,47.17,2208,46.06,2204,48.29,2207,46.06,2204,47.73,2203,44.94,2204,46.06,2207,46.61,2206,46.06,2203,45.50,2206,47.17,2207,46.06,2201,46.06,2203,47.17,2200,47.73,2206,48.29,2205,45.50,2205,47.17,2200,47.17,2203,46.06,2206,43.82,2203,46.06,2201,47.73,2200,45.50,2206,49.41,2204,46.61,2206,47.17,2208,47.73,2207,48.85,2304,0.75,0.90,0.93,0.85,25.36,0.18,14.94,15.81,    0,    0,466562,    0,    0,116853204,    0
51.64,2207,51.08,2207,48.85,2205,50.52,2207,51.64,2206,51.08,2207,49.41,2202,48.85,2207,51.64,2205,49.41,2205,49.41,2201,50.52,2202,48.85,2207,48.85,2206,49.41,2203,47.73,2206,49.96,2204,49.41,2203,51.08,2200,50.52,2205,49.96,2203,51.64,2204,49.41,2201,49.96,2201,50.52,2202,52.75,2202,51.64,2208,51.08,2207,49.96,2202,49.41,2205,50.52,2201,47.17,2208,52.20,2304,0.75,0.90,0.93,0.85,27.52,0.72,15.20,17.51,    0,    0,2622752,    0,    0,458322749,    0,45.50,2205,47.73,2208,44.38,2205,47.73,2204,47.17,2208,44.94,2204,48.29,2207,46.61,2204,48.85,2203,46.61,2204,45.50,2207,45.50,2206,45.50,2203,47.17,2206,46.06,2207,46.06,2201,47.17,2203,47.17,2200,48.29,2206,48.29,2205,47.17,2205,47.17,2200,46.61,2203,47.73,2206,44.94,2203,46.06,2201,48.29,2200,46.06,2206,49.41,2204,45.50,2206,47.73,2208,47.73,2207,49.96,2304,0.75,0.90,0.93,0.85,25.66,0.27,14.67,15.89,    0,    0,466562,    0,    0,116853204,    0
52.20,2207,51.64,2207,49.96,2205,51.64,2207,51.08,2206,51.64,2207,49.96,2202,48.29,2207,50.52,2205,51.08,2205,48.29,2201,51.08,2202,49.41,2207,49.96,2206,49.96,2203,47.17,2206,50.52,2204,48.85,2203,52.20,2200,48.85,2205,49.96,2203,51.64,2204,49.96,2201,50.52,2201,49.96,2202,53.31,2202,50.52,2208,49.41,2207,50.52,2202,48.29,2205,50.52,2201,47.73,2208,50.52,2304,0.75,0.90,0.93,0.85,27.92,0.54,15.20,17.43,    0,    0,2622752,    0,    0,458322749,    0,45.50,2205,47.17,2208,44.38,2205,48.29,2204,47.17,2208,45.50,2204,48.29,2207,45.50,2204,48.29,2203,46.61,2204,46.61,2207,46.61,2206,46.06,2203,46.61,2206,46.61,2207,46.06,2201,47.17,2203,47.17,2200,48.85,2206,48.29,2205,45.50,2205,46.06,2200,45.50,2203,47.17,2206,43.26,2203,46.06,2201,47.73,2200,45.50,2206,49.96,2204,46.06,2206,46.61,2208,47.17,2207,48.85,2304,0.75,0.90,0.93,0.85,25.80,0.27,14.76,15.81,    0,    0,466562,    0,    0,116853204,    0
51.08,2207,51.64,2207,48.85,2205,51.64,2207,51.64,2206,51.08,2207,50.52,2202,49.41,2207,50.52,2205,50.52,2205,49.96,2201,52.20,2202,49.96,2207,49.96,2206,50.52,2203,47.17,2206,49.96,2204,49.41,2203,51.64,2200,49.41,2205,49.96,2203,50.52,2204,50.52,2201,49.41,2201,49.96,2202,53.31,2202,51.64,2208,49.96,2207,50.52,2202,47.73,2205,51.08,2201,47.17,2208,49.96,2304,0.75,0.90,0.93,0.85,28.14,0.72,15.20,17.51,    0,    0,2622752,    0,    0,458322749,    0,46.06,2205,47.73,2208,44.38,2205,48.29,2204,46.61,2208,46.06,2204,49.41,2207,45.50,2204,48.29,2203,46.61,2204,46.61,2207,46.61,2206,46.06,2203,46.61,2206,46.61,2207,46.61,2201,46.61,2203,47.73,2200,49.41,2206,47.73,2205,46.61,2205,46.61,2200,47.73,2203,46.61,2206,44.38,2203,46.61,2201,47.73,2200,44.94,2206,48.85,2204,47.17,2206,46.61,2208,48.29,2207,47.73,2304,0.75,0.90,0.93,0.85,25.29,0.00,14.76,15.81,    0,    0,466562,    0,    0,116853204,    0
51.64,2207,51.08,2207,48.85,2205,51.64,2207,52.20,2206,49.41,2207,49.96,2202,48.85,2207,51.08,2205,50.52,2205,49.96,2201,51.64,2202,49.96,2207,48.85,2206,50.52,2203,47.73,2206,49.96,2204,49.96,2203,51.08,2200,49.41,2205,49.96,2203,51.64,2204,49.41,2201,50.52,2201,49.96,2202,53.31,2202,52.20,2208,50.52,2207,50.52,2202,48.85,2205,51.08,2201,47.73,2208,51.64,2304,0.75,0.90,0.93,0.85,27.38,0.36,15.20,17.51,    0,    0,2622752,    0,    0,458322749,    0,46.06,2205,46.61,2208,43.26,2205,48.29,2204,47.17,2208,45.50,2204,47.17,2207,45.50,2204,47.73,2203,47.73,2204,46.61,2207,46.61,2206,44.94,2203,47.17,2206,46.61,2207,45.50,2201,46.06,2203,47.73,2200,48.85,2206,49.41,2205,46.06,2205,46.61,2200,46.61,2203,47.17,2206,44.38,2203,45.50,2201,47.73,2200,44.94,2206,50.52,2204,47.17,2206,47.73,2208,47.17,2207,49.41,2304,0.75,0.90,0.93,0.85,25.73,0.00,14.76,15.98,    0,    0,466562,    0,    0,116853204,    0
51.08,2207,51.64,2207,49.41,2205,51.64,2207,51.64,2206,51.08,2207,49.96,2202,48.85,2207,52.20,2205,50.52,2205,51.08,2201,51.64,2202,49.41,2207,49.96,2206,50.52,2203,47.73,2206,51.64,2204,50.52,2203,51.08,2200,49.41,2205,50.52,2203,53.31,2204,49.96,2201,51.08,2201,51.64,2202,53.31,2202,51.08,2208,51.08,2207,50.52,2202,49.41,2205,51.08,2201,47.17,2208,52.20,2304,0.75,0.90,0.93,0.85,36.23,0.54,15.38,17.51,    0,    0,2622752,    0,    0,458322749,    0,46.06,2205,48.85,2208,43.82,2205,48.29,2204,48.29,2208,44.94,2204,48.29,2207,46.06,2204,49.41,2203,47.17,2204,47.73,2207,47.17,2206,47.17,2203,46.61,2206,48.85,2207,46.61,2201,46.61,2203,48.29,2200,48.29,2206,48.85,2205,47.17,2205,47.73,2200,47.73,2203,47.73,2206,44.94,2203,47.73,2201,47.73,2200,46.61,2206,49.41,2204,46.06,2206,47.73,2208,48.29,2207,49.96,2304,0.75,0.90,0.93,0.85,32.91,0.00,14.85,15.98,    0,    0,466562,    0,    0,116853204,    0
51.64,2207,52.20,2207,48.29,2205,51.08,2207,52.20,2206,49.96,2207,49.96,2202,48.85,2207,51.08,2205,49.96,2205,49.96,2201,52.20,2202,49.41,2207,49.96,2206,49.96,2203,47.73,2206,49.96,2204,50.52,2203,51.64,2200,50.52,2205,51.08,2203,51.64,2204,49.41,2201,49.41,2201,50.52,2202,52.75,2202,51.08,2208,50.52,2207,49.41,2202,48.85,2205,49.96,2201,47.73,2208,51.64,2304,0.75,0.90,0.93,0.85,33.05,0.72,15.20,17.51,    0,    0,2622752,    0,    0,458322749,    0,46.61,2205,48.29,2208,43.26,2205,47.73,2204,47.73,2208,46.06,2204,48.85,2207,45.50,2204,48.29,2203,47.73,2204,47.17,2207,47.17,2206,47.73,2203,47.73,2206,47.73,2207,47.17,2201,45.50,2203,47.73,2200,48.29,2206,48.29,2205,48.29,2205,46.61,2200,47.73,2203,46.61,2206,45.50,2203,46.06,2201,48.29,2200,44.94,2206,49.41,2204,46.06,2206,47.73,2208,47.17,2207,49.96,2304,0.75,0.90,0.93,0.85,25.80,0.00,14.85,15.89,    0,    0,466562,    0,    0,116853204,    0
53.31,2207,53.31,2207,50.52,2205,52.20,2207,52.75,2206,51.64,2207,51.08,2202,49.96,2207,53.87,2205,52.75,2205,51.64,2201,52.75,2202,51.64,2207,51.08,2206,52.20,2203,49.41,2206,51.08,2204,51.64,2203,53.31,2200,53.31,2205,52.75,2203,53.87,2204,52.20,2201,52.75,2201,51.64,2202,54.43,2202,53.87,2208,52.20,2207,52.75,2202,49.96,2205,52.75,2201,47.73,2208,53.87,2304,0.75,0.90,0.93,0.85,51.19,0.99,15.29,17.51,    0,    0,2622752,    0,    0,458322749,    0,45.50,2205,49.41,2208,46.06,2205,49.41,2204,48.85,2208,46.61,2204,49.96,2207,47.73,2204,49.41,2203,48.85,2204,48.29,2207,48.29,2206,47.17,2203,48.85,2206,49.41,2207,47.73,2201,48.29,2203,49.41,2200,49.96,2206,48.85,2205,47.73,2205,47.73,2200,48.85,2203,47.73,2206,43.26,2203,47.17,2201,48.29,2200,47.73,2206,51.64,2204,47.17,2206,48.85,2208,48.85,2207,50.52,2304,0.75,0.90,0.93,0.85,46.31,0.27,14.76,15.81,    0,    0,466562,    0,    0,116853204,    0
52.75,2207,54.99,2207,52.75,2205,55.55,2207,54.99,2206,53.87,2207,52.75,2202,51.08,2207,54.43,2205,52.75,2205,53.87,2201,55.55,2202,53.31,2207,52.75,2206,52.75,2203,50.52,2206,51.64,2204,54.43,2203,54.43,2200,53.31,2205,53.31,2203,54.99,2204,52.75,2201,53.31,2201,52.75,2202,54.99,2202,54.43,2208,53.87,2207,53.87,2202,52.75,2205,53.31,2201,48.85,2208,54.99,2304,0.75,0.90,0.93,0.85,48.97,0.99,25.47,20.82,    0,    0,2622752,    0,    0,458322749,    0,48.29,2205,50.52,2208,47.17,2205,50.52,2204,50.52,2208,48.29,2204,51.08,2207,48.29,2204,49.41,2203,50.52,2204,49.96,2207,49.96,2206,48.85,2203,49.41,2206,50.52,2207,49.41,2201,49.41,2203,51.08,2200,51.64,2206,51.64,2205,49.96,2205,51.08,2200,49.41,2203,49.41,2206,47.17,2203,49.41,2201,51.08,2200,48.29,2206,52.75,2204,49.96,2206,51.08,2208,49.96,2207,53.31,2304,0.75,0.90,0.93,0.85,49.62,0.27,25.92,19.72,    0,    0,466562,    0,    0,116853204,    0
54.99,2207,56.10,2207,52.75,2205,54.43,2207,55.55,2206,54.99,2207,53.87,2202,52.20,2207,55.55,2205,54.43,2205,53.87,2201,56.10,2202,54.43,2207,52.20,2206,54.43,2203,51.64,2206,52.75,2204,53.87,2203,56.66,2200,56.10,2205,55.55,2203,54.99,2204,54.43,2201,54.43,2201,52.75,2202,56.66,2202,54.43,2208,55.55,2207,54.99,2202,51.64,2205,54.43,2201,49.96,2208,55.55,2304,0.75,0.90,0.93,0.85,50.05,1.08,26.34,21.59,    0,    0,2622752,    0,    0,458322749,    0,48.29,2205,51.08,2208,47.17,2205,52.75,2204,50.52,2208,48.85,2204,51.64,2207,48.85,2204,51.08,2203,51.08,2204,50.52,2207,51.08,2206,49.96,2203,50.52,2206,51.08,2207,49.96,2201,49.96,2203,52.75,2200,53.31,2206,52.75,2205,52.20,2205,51.64,2200,52.20,2203,51.08,2206,48.29,2203,49.41,2201,50.52,2200,50.52,2206,52.75,2204,51.64,2206,51.64,2208,51.08,2207,53.87,2304,0.75,0.90,0.93,0.85,51.27,0.27,26.07,19.89,    0,    0,466562,    0,    0,116853204,    0
54.43,2207,54.99,2207,53.87,2205,56.10,2207,56.10,2206,55.55,2207,53.31,2202,51.64,2207,55.55,2205,54.99,2205,53.31,2201,56.66,2202,53.87,2207,53.87,2206,54.43,2203,51.08,2206,53.87,2204,54.43,2203,57.22,2200,53.87,2205,55.55,2203,56.66,2204,53.87,2201,55.55,2201,52.20,2202,57.22,2202,55.55,2208,54.99,2207,54.99,2202,53.31,2205,54.99,2201,50.52,2208,55.55,2304,0.75,0.90,0.93,0.85,52.34,0.72,27.39,21.59,    0,    0,2622752,    0,    0,458322749,    0,48.85,2205,52.20,2208,47.73,2205,52.20,2204,51.64,2208,48.85,2204,53.31,2207,48.85,2204,52.75,2203,51.64,2204,51.64,2207,50.52,2206,50.52,2203,51.64,2206,50.52,2207,50.52,2201,49.96,2203,52.75,2200,53.87,2206,52.75,2205,51.64,2205,51.64,2200,51.08,2203,50.52,2206,47.17,2203,50.52,2201,52.75,2200,49.96,2206,54.43,2204,51.64,2206,52.75,2208,51.08,2207,54.43,2304,0.75,0.90,0.93,0.85,44.58,0.54,25.65,17.51,    0,    0,466562,    0,    0,116853204,    0
54.99,2207,55.55,2207,53.31,2205,56.10,2207,56.66,2206,54.99,2207,53.87,2202,51.64,2207,56.10,2205,54.99,2205,54.43,2201,56.10,2202,53.87,2207,54.43,2206,54.43,2203,51.08,2206,53.87,2204,53.87,2203,57.22,2200,54.99,2205,56.10,2203,57.78,2204,54.43,2201,54.43,2201,53.87,2202,57.22,2202,56.10,2208,54.99,2207,54.99,2202,52.75,2205,54.43,2201,50.52,2208,56.10,2304,0.75,0.90,0.93,0.85,50.55,0.63,27.21,21.76,    0,    0,2622752,    0,    0,458322749,    0,49.41,2205,51.64,2208,48.29,2205,52.20,2204,52.20,2208,51.08,2204,52.20,2207,48.85,2204,51.64,2203,50.52,2204,49.96,2207,51.64,2206,51.64,2203,52.20,2206,52.75,2207,51.08,2201,49.96,2203,52.20,2200,53.87,2206,53.31,2205,51.08,2205,51.64,2200,51.64,2203,49.96,2206,48.85,2203,50.52,2201,51.64,2200,48.29,2206,54.43,2204,51.08,2206,51.08,2208,51.64,2207,54.99,2304,0.75,0.90,0.93,0.85,48.97,0.45,19.39,17.68,    0,    0,466562,    0,    0,116853204,    0
56.10,2207,56.10,2207,53.31,2205,55.55,2207,56.66,2206,55.55,2207,54.99,2202,52.20,2207,55.55,2205,54.99,2205,54.43,2201,56.66,2202,53.31,2207,55.55,2206,53.87,2203,51.08,2206,54.43,2204,54.43,2203,56.10,2200,54.99,2205,55.55,2203,56.66,2204,54.43,2201,54.99,2201,54.43,2202,57.22,2202,55.55,2208,54.99,2207,55.55,2202,53.31,2205,54.99,2201,50.52,2208,55.55,2304,0.75,0.90,0.93,0.85,52.55,1.08,28.79,21.68,    0,    0,2622752,    0,    0,458322749,    0,49.41,2205,53.31,2208,47.73,2205,52.75,2204,52.75,2208,51.08,2204,52.75,2207,49.41,2204,51.08,2203,51.64,2204,51.64,2207,52.20,2206,52.20,2203,52.20,2206,52.20,2207,51.08,2201,51.08,2203,53.31,2200,52.75,2206,53.31,2205,51.08,2205,51.64,2200,52.20,2203,51.08,2206,48.29,2203,51.08,2201,53.31,2200,51.08,2206,54.43,2204,51.08,2206,52.20,2208,52.20,2207,54.43,2304,0.75,0.90,0.93,0.85,49.76,0.45,33.36,20.06,    0,    0,466562,    0,    0,116853204,    0
56.10,2207,54.99,2207,53.87,2205,57.22,2207,56.10,2206,56.10,2207,54.43,2202,52.20,2207,55.55,2205,54.99,2205,54.43,2201,56.10,2202,53.87,2207,54.99,2206,54.43,2203,51.08,2206,53.87,2204,54.99,2203,57.78,2200,55.55,2205,56.10,2203,57.78,2204,54.99,2201,54.43,2201,54.99,2202,56.66,2202,56.10,2208,54.99,2207,55.55,2202,53.87,2205,55.55,2201,51.08,2208,56.66,2304,0.75,0.90,0.93,0.85,52.12,1.08,27.48,21.59,    0,    0,2622752,    0,    0,458322749,    0,48.85,2205,52.20,2208,48.29,2205,52.20,2204,52.75,2208,51.08,2204,53.87,2207,49.96,2204,52.20,2203,52.20,2204,52.20,2207,51.08,2206,50.52,2203,51.08,2206,52.75,2207,51.64,2201,51.08,2203,53.31,2200,54.43,2206,53.87,2205,52.20,2205,51.64,2200,51.64,2203,50.52,2206,48.29,2203,51.08,2201,52.75,2200,51.08,2206,54.43,2204,51.64,2206,53.31,2208,50.52,2207,54.43,2304,0.75,0.90,0.93,0.85,49.48,0.45,26.88,19.89,    0,    0,466562,    0,    0,116853204,    0
56.66,2207,56.10,2207,53.87,2205,57.22,2207,56.66,2206,56.10,2207,54.43,2202,53.31,2207,56.10,2205,54.43,2205,54.43,2201,57.22,2202,54.99,2207,55.55,2206,54.43,2203,52.20,2206,53.87,2204,56.10,2203,57.22,2200,55.55,2205,56.10,2203,57.78,2204,54.99,2201,54.99,2201,54.99,2202,57.78,2202,55.55,2208,55.55,2207,54.43,2202,53.31,2205,54.43,2201,51.08,2208,56.10,2304,0.75,0.90,0.93,0.85,51.48,0.81,17.80,21.84,    0,    0,2622752,    0,    0,458322749,    0,48.85,2205,52.20,2208,48.29,2205,53.31,2204,52.75,2208,50.52,2204,53.87,2207,49.96,2204,51.64,2203,52.20,2204,52.75,2207,51.64,2206,52.20,2203,52.20,2206,52.20,2207,50.52,2201,51.08,2203,53.31,2200,53.87,2206,53.87,2205,52.20,2205,52.75,2200,52.75,2203,52.75,2206,48.85,2203,51.08,2201,52.75,2200,49.96,2206,54.99,2204,52.20,2206,53.31,2208,50.52,2207,54.99,2304,0.75,0.90,0.93,0.85,49.12,0.45,26.34,19.98,    0,    0,466562,    0,    0,116853204,    0
56.10,2207,54.99,2207,54.99,2205,56.66,2207,57.22,2206,55.55,2207,54.43,2202,52.20,2207,55.55,2205,56.66,2205,54.43,2201,57.22,2202,54.99,2207,54.99,2206,54.43,2203,53.31,2206,54.43,2204,54.43,2203,57.22,2200,56.10,2205,56.10,2203,57.78,2204,54.43,2201,55.55,2201,53.87,2202,58.34,2202,56.66,2208,55.55,2207,56.10,2202,53.87,2205,54.99,2201,51.08,2208,57.22,2304,0.75,0.90,0.93,0.85,49.83,1.08,27.66,19.46,    0,    0,2622752,    0,    0,458322749,    0,49.96,2205,52.20,2208,48.29,2205,53.31,2204,51.64,2208,50.52,2204,53.31,2207,49.41,2204,52.20,2203,52.20,2204,51.64,2207,51.64,2206,51.64,2203,52.75,2206,52.75,2207,51.64,2201,51.08,2203,53.31,2200,54.99,2206,53.87,2205,52.75,2205,52.75,2200,52.75,2203,51.64,2206,47.73,2203,51.64,2201,52.75,2200,49.96,2206,54.99,2204,51.64,2206,52.20,2208,51.08,2207,55.55,2304,0.75,0.90,0.93,0.85,49.98,0.45,27.66,20.14,    0,    0,466562,    0,    0,116853204,    0
55.55,2207,56.10,2207,53.31,2205,55.55,2207,57.22,2206,55.55,2207,53.87,2202,52.20,2207,56.66,2205,55.55,2205,56.10,2201,58.34,2202,54.99,2207,56.10,2206,55.55,2203,52.75,2206,54.43,2204,56.10,2203,58.34,2200,57.22,2205,55.55,2203,58.34,2204,56.10,2201,54.99,2201,54.99,2202,57.78,2202,56.66,2208,56.10,2207,54.99,2202,54.43,2205,55.55,2201,51.08,2208,57.22,2304,0.75,0.90,0.93,0.85,49.62,0.72,27.84,21.68,    0,    0,2622752,    0,    0,458322749,    0,51.08,2205,52.20,2208,49.41,2205,53.87,2204,52.75,2208,49.96,2204,53.31,2207,51.64,2204,54.43,2203,53.31,2204,52.20,2207,52.75,2206,52.20,2203,53.31,2206,53.87,2207,51.64,2201,51.08,2203,53.87,2200,53.87,2206,53.31,2205,54.43,2205,52.75,2200,53.87,2203,52.20,2206,48.29,2203,51.08,2201,52.20,2200,51.64,2206,54.43,2204,51.64,2206,53.31,2208,52.75,2207,54.99,2304,0.75,0.90,0.93,0.85,47.82,0.54,27.03,18.11,    0,    0,466562,    0,    0,116853204,    0
56.66,2207,57.22,2207,53.87,2205,57.22,2207,56.66,2206,55.55,2207,55.55,2202,53.87,2207,57.22,2205,53.87,2205,55.55,2201,57.22,2202,53.87,2207,55.55,2206,56.10,2203,52.20,2206,53.87,2204,56.66,2203,57.78,2200,56.10,2205,56.66,2203,57.78,2204,55.55,2201,56.10,2201,54.99,2202,58.34,2202,57.22,2208,57.22,2207,56.66,2202,53.87,2205,55.55,2201,50.52,2208,57.78,2304,0.75,0.90,0.93,0.85,50.84,0.81,27.39,21.84,    0,    0,2622752,    0,    0,458322749,    0,50.52,2205,53.87,2208,49.41,2205,53.31,2204,53.87,2208,51.64,2204,53.31,2207,49.96,2204,53.31,2203,52.20,2204,51.64,2207,52.20,2206,51.64,2203,52.75,2206,52.75,2207,52.75,2201,52.20,2203,53.31,2200,53.31,2206,53.87,2205,53.31,2205,53.31,2200,52.75,2203,52.20,2206,48.85,2203,51.08,2201,52.20,2200,50.52,2206,56.10,2204,52.20,2206,53.31,2208,51.64,2207,54.99,2304,0.75,0.90,0.93,0.85,48.76,0.54,27.21,20.06,    0,    0,466562,    0,    0,116853204,    0
56.10,2207,57.22,2207,54.99,2205,57.22,2207,57.78,2206,56.66,2207,53.87,2202,53.87,2207,57.22,2205,54.99,2205,56.66,2201,57.78,2202,55.55,2207,55.55,2206,56.10,2203,52.75,2206,53.87,2204,55.55,2203,58.34,2200,56.66,2205,56.10,2203,58.89,2204,55.55,2201,56.66,2201,54.43,2202,58.89,2202,56.66,2208,56.10,2207,56.10,2202,54.43,2205,56.66,2201,50.52,2208,56.66,2304,0.75,0.90,0.93,0.85,51.69,1.17,26.70,21.76,    0,    0,2622752,    0,    0,458322749,    0,50.52,2205,54.43,2208,48.85,2205,53.87,2204,53.87,2208,51.08,2204,53.31,2207,51.08,2204,53.31,2203,52.75,2204,53.31,2207,53.31,2206,51.64,2203,52.75,2206,52.75,2207,52.20,2201,52.75,2203,54.43,2200,54.43,2206,54.43,2205,53.31,2205,52.20,2200,53.87,2203,52.75,2206,48.29,2203,52.75,2201,52.20,2200,51.08,2206,54.99,2204,52.20,2206,52.75,2208,52.20,2207,56.10,2304,0.75,0.90,0.93,0.85,49.26,0.45,26.43,20.06,    0,    0,466562,    0,    0,116853204,    0
56.66,2207,57.22,2207,54.99,2205,57.78,2207,57.22,2206,56.66,2207,55.55,2202,53.31,2207,56.66,2205,56.66,2205,55.55,2201,58.34,2202,54.99,2207,56.10,2206,54.99,2203,53.31,2206,54.99,2204,55.55,2203,57.22,2200,57.78,2205,56.66,2203,57.22,2204,55.55,2201,56.66,2201,54.99,2202,57.78,2202,57.78,2208,57.22,2207,55.55,2202,54.99,2205,56.66,2201,51.64,2208,57.78,2304,0.75,0.90,0.93,0.85,52.55,1.08,26.70,21.76,    0,    0,2622752,    0,    0,458322749,    0,51.08,2205,53.31,2208,49.41,2205,53.87,2204,53.87,2208,51.08,2204,53.87,2207,51.64,2204,52.20,2203,52.75,2204,53.31,2207,53.87,2206,53.87,2203,54.43,2206,53.87,2207,52.75,2201,52.75,2203,54.43,2200,54.99,2206,55.55,2205,52.75,2205,52.75,2200,53.31,2203,53.31,2206,48.85,2203,52.20,2201,53.31,2200,52.20,2206,56.10,2204,53.31,2206,52.75,2208,52.75,2207,56.10,2304,0.75,0.90,0.93,0.85,49.12,0.63,33.18,20.23,    0,    0,466562,    0,    0,116853204,    0
57.78,2207,57.22,2207,54.43,2205,57.22,2207,57.22,2206,56.66,2207,55.55,2202,53.87,2207,57.22,2205,56.10,2205,54.43,2201,57.78,2202,56.10,2207,57.22,2206,55.55,2203,53.31,2206,55.55,2204,55.55,2203,60.01,2200,56.66,2205,57.22,2203,57.78,2204,56.66,2201,56.10,2201,56.66,2202,58.89,2202,57.22,2208,57.22,2207,56.66,2202,53.87,2205,55.55,2201,52.75,2208,58.34,2304,0.75,0.90,0.93,0.85,55.18,0.99,30.61,19.21,    0,    0,2622752,    0,    0,458322749,    0,51.08,2205,53.31,2208,49.41,2205,53.87,2204,53.87,2208,51.64,2204,54.99,2207,50.52,2204,53.87,2203,54.99,2204,53.87,2207,53.87,2206,53.31,2203,53.87,2206,53.31,2207,51.08,2201,52.20,2203,54.43,2200,55.55,2206,54.43,2205,53.31,2205,54.43,2200,53.31,2203,53.87,2206,49.41,2203,52.75,2201,54.43,2200,51.08,2206,54.99,2204,51.08,2206,53.31,2208,52.75,2207,56.10,2304,0.75,0.90,0.93,0.85,50.55,1.08,25.83,20.06,    0,    0,466562,    0,    0,116853204,    0
56.66,2207,57.78,2207,54.99,2205,57.22,2207,57.78,2206,57.22,2207,55.55,2202,54.43,2207,56.66,2205,54.99,2205,56.10,2201,57.78,2202,56.10,2207,56.66,2206,57.78,2203,52.75,2206,56.66,2204,55.55,2203,58.34,2200,57.22,2205,56.66,2203,58.34,2204,56.66,2201,57.22,2201,54.99,2202,58.89,2202,56.66,2208,56.66,2207,56.66,2202,55.55,2205,56.10,2201,52.75,2208,57.78,2304,0.75,0.90,0.93,0.85,48.54,0.72,27.39,21.93,    0,    0,2622752,    0,    0,458322749,    0,49.96,2205,54.99,2208,50.52,2205,54.99,2204,54.99,2208,52.75,2204,53.87,2207,51.08,2204,53.87,2203,54.43,2204,53.31,2207,53.31,2206,52.75,2203,53.31,2206,53.87,2207,53.31,2201,52.75,2203,54.43,2200,54.43,2206,55.55,2205,53.31,2205,53.87,2200,53.87,2203,53.87,2206,50.52,2203,52.20,2201,53.87,2200,51.64,2206,56.10,2204,52.20,2206,53.87,2208,52.75,2207,57.22,2304,0.75,0.90,0.93,0.85,50.62,0.00,26.07,20.14,    0,    0,466562,    0,    0,116853204,    0
57.78,2207,56.66,2207,56.10,2205,58.89,2207,58.34,2206,57.22,2207,55.55,2202,53.31,2207,56.10,2205,55.55,2205,57.22,2201,57.78,2202,56.10,2207,57.22,2206,55.55,2203,54.43,2206,56.66,2204,57.22,2203,58.89,2200,56.66,2205,57.22,2203,58.89,2204,56.66,2201,56.66,2201,56.66,2202,58.89,2202,57.78,2208,56.66,2207,57.22,2202,54.99,2205,56.66,2201,51.64,2208,57.78,2304,0.75,0.90,0.93,0.85,52.05,1.08,23.45,22.10,    0,    0,2622752,    0,    0,458322749,    0,51.64,2205,53.87,2208,50.52,2205,55.55,2204,53.87,2208,51.64,2204,53.87,2207,51.08,2204,53.87,2203,53.87,2204,53.87,2207,53.87,2206,53.31,2203,54.43,2206,53.31,2207,52.75,2201,52.75,2203,55.55,2200,55.55,2206,56.10,2205,54.43,2205,53.31,2200,54.43,2203,52.20,2206,49.41,2203,52.75,2201,54.43,2200,53.31,2206,56.66,2204,52.75,2206,53.87,2208,52.20,2207,56.10,2304,0.75,0.90,0.93,0.85,50.19,0.27,26.94,20.14,    0,    0,466562,    0,    0,116853204,    0
56.66,2207,57.78,2207,55.55,2205,58.89,2207,59.45,2206,57.22,2207,55.55,2202,54.43,2207,57.78,2205,57.22,2205,56.10,2201,58.34,2202,56.66,2207,56.66,2206,57.22,2203,54.43,2206,56.66,2204,56.10,2203,58.34,2200,58.34,2205,57.78,2203,58.34,2204,56.66,2201,56.10,2201,54.99,2202,60.01,2202,57.78,2208,57.78,2207,56.66,2202,55.55,2205,56.10,2201,52.75,2208,58.34,2304,0.75,0.90,0.93,0.85,53.12,1.26,26.16,21.76,    0,    0,2622752,    0,    0,458322749,    0,51.64,2205,55.55,2208,50.52,2205,54.99,2204,53.87,2208,52.20,2204,54.99,2207,51.64,2204,53.87,2203,53.87,2204,53.31,2207,53.87,2206,53.31,2203,52.75,2206,53.87,2207,52.20,2201,53.31,2203,53.87,2200,54.99,2206,55.55,2205,54.43,2205,53.87,2200,53.87,2203,53.31,2206,49.41,2203,52.75,2201,54.43,2200,52.20,2206,56.10,2204,52.75,2206,54.99,2208,52.75,2207,57.78,2304,0.75,0.90,0.93,0.85,49.83,0.45,25.74,20.14,    0,    0,466562,    0,    0,116853204,    0
56.66,2207,58.34,2207,55.55,2205,58.34,2207,58.34,2206,57.22,2207,55.55,2202,54.43,2207,56.66,2205,58.34,2205,56.66,2201,58.89,2202,56.10,2207,55.55,2206,57.22,2203,53.87,2206,54.99,2204,56.10,2203,60.01,2200,57.22,2205,57.22,2203,57.78,2204,56.10,2201,57.78,2201,56.10,2202,59.45,2202,57.78,2208,56.66,2207,57.22,2202,56.10,2205,57.22,2201,52.75,2208,57.78,2304,0.75,0.90,0.93,0.85,52.19,0.99,26.25,21.84,    0,    0,2622752,    0,    0,458322749,    0,51.64,2205,54.43,2208,50.52,2205,54.43,2204,54.99,2208,52.20,2204,54.43,2207,50.52,2204,54.43,2203,53.87,2204,54.43,2207,53.31,2206,53.87,2203,53.31,2206,54.43,2207,52.75,2201,52.75,2203,56.66,2200,56.10,2206,56.10,2205,53.87,2205,53.87,2200,54.43,2203,54.43,2206,49.41,2203,52.75,2201,54.43,2200,53.31,2206,57.78,2204,52.75,2206,53.87,2208,54.43,2207,56.66,2304,0.75,0.90,0.93,0.85,55.88,0.54,31.79,20.23,    0,    0,466562,    0,    0,116853204,    0
57.78,2207,58.89,2207,56.10,2205,57.78,2207,58.89,2206,57.78,2207,56.66,2202,53.87,2207,57.78,2205,56.66,2205,56.66,2201,57.22,2202,56.10,2207,56.66,2206,56.10,2203,53.31,2206,55.55,2204,57.22,2203,58.89,2200,57.22,2205,57.22,2203,60.01,2204,56.66,2201,57.22,2201,56.10,2202,60.01,2202,58.34,2208,57.22,2207,57.22,2202,54.99,2205,57.22,2201,52.20,2208,57.22,2304,0.75,0.90,0.93,0.85,52.98,0.90,26.88,21.93,    0,    0,2622752,    0,    0,458322749,    0,52.20,2205,54.43,2208,50.52,2205,55.55,2204,54.43,2208,52.75,2204,54.99,2207,52.75,2204,54.43,2203,53.31,2204,53.87,2207,53.31,2206,53.87,2203,53.87,2206,55.55,2207,53.31,2201,53.87,2203,56.10,2200,53.31,2206,54.99,2205,53.87,2205,53.31,2200,54.99,2203,53.31,2206,49.96,2203,52.75,2201,54.99,2200,52.20,2206,57.22,2204,52.75,2206,55.55,2208,52.75,2207,58.34,2304,0.75,0.90,0.93,0.85,49.12,0.45,27.21,16.41,    0,    0,466562,    0,    0,116853204,    0
57.22,2207,57.78,2207,56.10,2205,56.66,2207,58.89,2206,57.78,2207,56.10,2202,54.99,2207,57.78,2205,57.22,2205,57.22,2201,57.78,2202,55.55,2207,57.22,2206,57.22,2203,54.43,2206,57.22,2204,56.66,2203,58.89,2200,56.66,2205,57.22,2203,59.45,2204,56.66,2201,57.78,2201,56.10,2202,58.89,2202,58.34,2208,57.22,2207,56.66,2202,53.87,2205,57.78,2201,53.31,2208,57.22,2304,0.75,0.90,0.93,0.85,51.69,1.17,23.03,21.93,    0,    0,2622752,    0,    0,458322749,    0,51.08,2205,54.99,2208,51.08,2205,56.10,2204,54.99,2208,52.20,2204,56.10,2207,52.20,2204,53.87,2203,54.43,2204,54.43,2207,54.99,2206,54.43,2203,53.87,2206,54.43,2207,53.87,2201,53.31,2203,56.66,2200,56.10,2206,55.55,2205,53.31,2205,54.99,2200,53.87,2203,54.43,2206,50.52,2203,52.75,2201,54.99,2200,51.64,2206,56.66,2204,54.43,2206,53.87,2208,52.75,2207,57.78,2304,0.75,0.90,0.93,0.85,50.34,0.72,25.98,20.32,    0,    0,466562,    0,    0,116853204,    0
58.34,2207,57.78,2207,56.10,2205,57.78,2207,58.34,2206,57.78,2207,56.66,2202,54.43,2207,56.10,2205,56.66,2205,55.55,2201,58.34,2202,57.22,2207,56.66,2206,55.55,2203,54.43,2206,55.55,2204,56.66,2203,58.89,2200,56.66,2205,57.22,2203,58.89,2204,57.22,2201,56.66,2201,56.10,2202,59.45,2202,57.78,2208,58.34,2207,56.66,2202,54.43,2205,56.66,2201,52.20,2208,59.45,2304,0.75,0.90,0.93,0.85,55.67,0.99,27.12,21.84,    0,    0,2622752,    0,    0,458322749,    0,51.08,2205,54.99,2208,51.64,2205,56.10,2204,56.10,2208,53.31,2204,56.10,2207,52.75,2204,53.31,2203,53.87,2204,54.99,2207,53.87,2206,53.87,2203,53.87,2206,54.43,2207,52.75,2201,54.43,2203,56.66,2200,56.66,2206,54.99,2205,53.31,2205,53.87,2200,54.99,2203,53.87,2206,49.96,2203,52.20,2201,54.99,2200,52.20,2206,56.66,2204,53.87,2206,54.99,2208,53.31,2207,56.66,2304,0.75,0.90,0.93,0.85,50.98,0.72,20.02,20.32,    0,    0,466562,    0,    0,116853204,    0
57.22,2207,58.34,2207,56.66,2205,57.78,2207,58.34,2206,57.22,2207,56.10,2202,54.43,2207,57.22,2205,56.66,2205,56.10,2201,58.89,2202,56.66,2207,57.22,2206,57.78,2203,53.31,2206,56.66,2204,57.78,2203,60.01,2200,57.78,2205,57.78,2203,59.45,2204,57.22,2201,57.22,2201,56.66,2202,58.89,2202,58.89,2208,58.89,2207,57.78,2202,55.55,2205,57.22,2201,53.31,2208,58.89,2304,0.75,0.90,0.93,0.85,52.55,1.17,25.98,21.84,    0,    0,2622752,    0,    0,458322749,    0,51.64,2205,55.55,2208,51.08,2205,55.55,2204,56.10,2208,54.43,2204,56.66,2207,52.75,2204,54.99,2203,53.31,2204,53.87,2207,54.99,2206,54.43,2203,53.31,2206,54.43,2207,53.31,2201,52.75,2203,56.10,2200,56.66,2206,55.55,2205,54.99,2205,55.55,2200,54.43,2203,54.43,2206,52.20,2203,53.87,2201,53.31,2200,52.75,2206,57.22,2204,54.43,2206,54.43,2208,53.31,2207,57.22,2304,0.75,0.90,0.93,0.85,52.76,0.54,27.30,20.14,    0,    0,466562,    0,    0,116853204,    0
58.34,2207,59.45,2207,55.55,2205,59.45,2207,58.89,2206,57.22,2207,56.66,2202,54.99,2207,58.89,2205,56.66,2205,56.10,2201,60.57,2202,56.66,2207,56.66,2206,57.78,2203,53.87,2206,57.22,2204,57.78,2203,60.57,2200,57.22,2205,58.34,2203,59.45,2204,56.10,2201,57.78,2201,57.22,2202,60.57,2202,59.45,2208,57.78,2207,57.22,2202,56.10,2205,57.22,2201,53.31,2208,59.45,2304,0.75,0.90,0.93,0.85,51.19,1.17,27.48,22.02,    0,    0,2622752,    0,    0,458322749,    0,52.75,2205,56.66,2208,52.20,2205,55.55,2204,54.99,2208,53.87,2204,54.99,2207,53.87,2204,55.55,2203,54.99,2204,54.43,2207,54.43,2206,54.43,2203,54.43,2206,54.99,2207,53.31,2201,53.31,2203,56.10,2200,55.55,2206,55.55,2205,54.43,2205,55.55,2200,54.99,2203,53.87,2206,50.52,2203,53.87,2201,54.99,2200,52.20,2206,56.66,2204,53.87,2206,55.55,2208,53.87,2207,56.66,2304,0.75,0.90,0.93,0.85,48.54,0.45,26.94,20.40,    0,    0,466562,    0,    0,116853204,    0
58.89,2207,59.45,2207,56.10,2205,58.34,2207,60.57,2206,58.89,2207,56.66,2202,54.43,2207,59.45,2205,57.78,2205,57.22,2201,58.89,2202,57.22,2207,57.22,2206,57.78,2203,55.55,2206,57.78,2204,57.22,2203,60.57,2200,57.78,2205,57.22,2203,59.45,2204,57.78,2201,57.22,2201,56.10,2202,60.57,2202,58.89,2208,58.34,2207,57.78,2202,55.55,2205,57.78,2201,53.31,2208,58.89,2304,0.75,0.90,0.93,0.85,52.76,1.08,27.39,22.10,    0,    0,2622752,    0,    0,458322749,    0,52.75,2205,54.43,2208,51.64,2205,55.55,2204,54.99,2208,52.75,2204,54.99,2207,52.75,2204,53.87,2203,54.43,2204,53.87,2207,54.43,2206,54.43,2203,54.99,2206,55.55,2207,54.43,2201,52.75,2203,54.99,2200,57.22,2206,55.55,2205,54.99,2205,55.55,2200,54.99,2203,53.87,2206,50.52,2203,53.87,2201,56.10,2200,53.31,2206,57.22,2204,53.87,2206,56.10,2208,54.99,2207,57.78,2304,0.75,0.90,0.93,0.85,55.81,0.18,27.03,20.40,    0,    0,466562,    0,    0,116853204,    0
57.78,2207,58.34,2207,55.55,2205,58.34,2207,60.01,2206,57.78,2207,56.66,2202,54.99,2207,58.89,2205,58.34,2205,56.66,2201,59.45,2202,57.78,2207,56.10,2206,57.78,2203,53.31,2206,56.66,2204,57.22,2203,60.01,2200,58.89,2205,58.34,2203,59.45,2204,57.22,2201,57.22,2201,56.66,2202,60.01,2202,58.34,2208,57.22,2207,57.22,2202,56.66,2205,57.22,2201,53.87,2208,58.89,2304,0.75,0.90,0.93,0.85,51.41,0.72,27.75,19.64,    0,    0,2622752,    0,    0,458322749,    0,52.20,2205,56.10,2208,51.08,2205,56.10,2204,56.66,2208,53.31,2204,56.10,2207,52.20,2204,56.10,2203,55.55,2204,54.99,2207,54.99,2206,54.43,2203,56.10,2206,54.99,2207,53.87,2201,53.87,2203,56.66,2200,57.78,2206,54.99,2205,57.22,2205,54.43,2200,54.99,2203,54.99,2206,51.08,2203,52.75,2201,53.87,2200,53.31,2206,58.34,2204,54.99,2206,55.55,2208,53.87,2207,58.89,2304,0.75,0.90,0.93,0.85,50.26,0.36,28.34,20.57,    0,    0,466562,    0,    0,116853204,    0
57.22,2207,57.22,2207,56.10,2205,58.89,2207,59.45,2206,58.34,2207,57.78,2202,54.99,2207,58.89,2205,57.22,2205,57.22,2201,60.01,2202,58.34,2207,57.22,2206,58.34,2203,54.99,2206,58.34,2204,57.78,2203,59.45,2200,58.34,2205,58.89,2203,60.57,2204,57.22,2201,58.89,2201,57.78,2202,61.13,2202,57.78,2208,58.34,2207,57.78,2202,57.22,2205,56.66,2201,53.87,2208,59.45,2304,0.75,0.90,0.93,0.85,52.62,0.90,30.52,22.10,    0,    0,2622752,    0,    0,458322749,    0,52.75,2205,54.99,2208,52.20,2205,56.66,2204,56.66,2208,53.87,2204,57.22,2207,52.75,2204,54.43,2203,54.99,2204,54.99,2207,54.99,2206,54.99,2203,56.10,2206,54.99,2207,54.99,2201,54.43,2203,56.10,2200,56.66,2206,56.10,2205,55.55,2205,56.66,2200,54.99,2203,54.99,2206,51.08,2203,54.43,2201,56.66,2200,52.75,2206,57.22,2204,54.43,2206,56.10,2208,54.99,2207,57.22,2304,0.75,0.90,0.93,0.85,44.79,0.27,27.39,17.68,    0,    0,466562,    0,    0,116853204,    0
58.89,2207,58.89,2207,56.66,2205,58.89,2207,60.57,2206,57.78,2207,56.66,2202,53.87,2207,60.01,2205,57.78,2205,57.78,2201,60.57,2202,57.22,2207,57.22,2206,57.78,2203,54.43,2206,56.66,2204,57.78,2203,60.01,2200,57.22,2205,58.89,2203,59.45,2204,56.66,2201,57.22,2201,57.22,2202,60.57,2202,59.45,2208,57.78,2207,57.78,2202,56.10,2205,58.34,2201,54.99,2208,59.45,2304,0.75,0.90,0.93,0.85,52.48,0.99,27.93,20.82,    0,    0,2622752,    0,    0,458322749,    0,52.20,2205,56.66,2208,52.20,2205,56.66,2204,56.10,2208,54.99,2204,55.55,2207,53.31,2204,56.10,2203,54.99,2204,54.99,2207,55.55,2206,54.99,2203,55.55,2206,55.55,2207,53.87,2201,53.87,2203,57.22,2200,57.22,2206,57.22,2205,54.99,2205,56.66,2200,56.10,2203,55.55,2206,50.52,2203,53.31,2201,56.10,2200,52.75,2206,56.66,2204,54.99,2206,54.99,2208,56.10,2207,57.22,2304,0.75,0.90,0.93,0.85,47.61,0.18,27.21,18.61,    0,    0,466562,    0,    0,116853204,    0
57.78,2207,58.34,2207,58.34,2205,58.34,2207,60.01,2206,58.89,2207,57.22,2202,54.43,2207,59.45,2205,57.78,2205,57.22,2201,59.45,2202,57.78,2207,57.22,2206,58.89,2203,55.55,2206,56.66,2204,58.34,2203,61.13,2200,58.89,2205,59.45,2203,60.01,2204,58.34,2201,57.22,2201,56.66,2202,60.57,2202,60.01,2208,58.34,2207,59.45,2202,56.10,2205,58.34,2201,53.87,2208,59.45,2304,0.75,0.90,0.93,0.85,53.33,1.26,26.61,22.02,    0,    0,2622752,    0,    0,458322749,    0,53.31,2205,56.66,2208,51.64,2205,56.10,2204,56.66,2208,53.87,2204,57.22,2207,54.43,2204,56.10,2203,56.10,2204,55.55,2207,56.10,2206,55.55,2203,56.66,2206,56.10,2207,53.87,2201,53.31,2203,56.66,2200,57.78,2206,56.10,2205,55.55,2205,54.43,2200,56.10,2203,53.87,2206,51.64,2203,54.43,2201,56.10,2200,53.87,2206,57.22,2204,54.99,2206,55.55,2208,54.99,2207,58.34,2304,0.75,0.90,0.93,0.85,50.34,0.72,25.92,20.32,    0,    0,466562,    0,    0,116853204,    0
59.45,2207,58.89,2207,57.22,2205,60.01,2207,60.57,2206,58.89,2207,57.78,2202,55.55,2207,58.89,2205,57.78,2205,58.34,2201,60.01,2202,57.78,2207,57.22,2206,59.45,2203,54.99,2206,58.34,2204,58.34,2203,60.01,2200,59.45,2205,57.78,2203,59.45,2204,58.34,2201,59.45,2201,56.66,2202,61.69,2202,59.45,2208,57.22,2207,57.78,2202,57.22,2205,58.89,2201,53.87,2208,58.89,2304,0.75,0.90,0.93,0.85,53.05,1.08,30.07,22.10,    0,    0,2622752,    0,    0,458322749,    0,53.31,2205,56.10,2208,52.75,2205,56.10,2204,54.99,2208,53.87,2204,56.10,2207,54.43,2204,55.55,2203,56.10,2204,54.99,2207,55.55,2206,55.55,2203,54.99,2206,55.55,2207,54.99,2201,54.99,2203,57.22,2200,56.66,2206,56.66,2205,55.55,2205,54.99,2200,56.10,2203,55.55,2206,52.20,2203,54.99,2201,55.55,2200,54.43,2206,58.89,2204,54.43,2206,54.99,2208,54.99,2207,58.34,2304,0.75,0.90,0.93,0.85,51.05,0.36,27.75,20.40,    0,    0,466562,    0,    0,116853204,    0
58.89,2207,60.01,2207,57.22,2205,58.89,2207,60.57,2206,58.89,2207,57.22,2202,55.55,2207,58.89,2205,58.34,2205,57.78,2201,60.01,2202,57.78,2207,57.78,2206,58.89,2203,55.55,2206,57.78,2204,58.34,2203,60.57,2200,58.89,2205,58.34,2203,61.13,2204,58.34,2201,58.89,2201,57.78,2202,61.69,2202,60.01,2208,58.34,2207,58.89,2202,56.10,2205,58.89,2201,54.43,2208,58.34,2304,0.75,0.90,0.93,0.85,57.37,0.99,26.94,22.36,    0,    0,2622752,    0,    0,458322749,    0,53.31,2205,56.66,2208,51.64,2205,55.55,2204,56.66,2208,54.99,2204,56.10,2207,53.87,2204,54.99,2203,55.55,2204,56.66,2207,54.99,2206,54.99,2203,56.66,2206,56.66,2207,54.43,2201,55.55,2203,57.22,2200,57.22,2206,57.78,2205,56.10,2205,54.99,2200,57.22,2203,55.55,2206,52.75,2203,53.87,2201,56.10,2200,53.87,2206,57.22,2204,54.99,2206,55.55,2208,55.55,2207,60.01,2304,0.75,0.90,0.93,0.85,50.62,0.63,26.70,19.80,    0,    0,466562,    0,    0,116853204,    0
58.34,2207,58.34,2207,57.22,2205,60.01,2207,60.57,2206,60.01,2207,58.34,2202,54.99,2207,58.89,2205,57.78,2205,58.89,2201,60.01,2202,58.34,2207,57.22,2206,58.89,2203,54.99,2206,55.55,2204,57.78,2203,61.69,2200,57.22,2205,58.34,2203,60.57,2204,57.78,2201,58.34,2201,57.22,2202,61.69,2202,60.01,2208,58.89,2207,59.45,2202,56.66,2205,58.34,2201,54.43,2208,60.57,2304,0.75,0.90,0.93,0.85,51.84,1.17,26.88,22.18,    0,    0,2622752,    0,    0,458322749,    0,53.31,2205,56.10,2208,51.64,2205,56.10,2204,56.10,2208,54.43,2204,56.10,2207,54.99,2204,56.10,2203,56.10,2204,54.99,2207,54.99,2206,56.10,2203,55.55,2206,56.10,2207,54.43,2201,54.99,2203,57.22,2200,57.22,2206,57.22,2205,54.99,2205,56.10,2200,56.66,2203,55.55,2206,51.64,2203,54.99,2201,56.10,2200,53.87,2206,58.34,2204,55.55,2206,56.10,2208,54.99,2207,59.45,2304,0.75,0.90,0.93,0.85,51.27,0.63,26.34,20.40,    0,    0,466562,    0,    0,116853204,    0
58.89,2207,60.01,2207,57.78,2205,60.01,2207,60.01,2206,59.45,2207,58.34,2202,54.99,2207,60.57,2205,58.89,2205,59.45,2201,61.13,2202,58.89,2207,58.89,2206,58.34,2203,54.99,2206,58.34,2204,57.78,2203,60.01,2200,58.89,2205,60.01,2203,60.57,2204,57.78,2201,59.45,2201,57.78,2202,60.57,2202,59.45,2208,58.89,2207,58.89,2202,56.10,2205,57.22,2201,54.43,2208,59.45,2304,0.75,0.90,0.93,0.85,52.41,1.17,31.38,22.10,    0,    0,2622752,    0,    0,458322749,    0,53.31,2205,57.78,2208,51.64,2205,57.22,2204,56.10,2208,53.31,2204,56.10,2207,54.43,2204,57.22,2203,56.66,2204,56.66,2207,56.10,2206,56.10,2203,55.55,2206,55.55,2207,54.99,2201,55.55,2203,56.10,2200,56.66,2206,58.34,2205,56.10,2205,56.66,2200,55.55,2203,55.55,2206,51.64,2203,54.43,2201,56.66,2200,54.43,2206,58.89,2204,54.99,2206,56.10,2208,55.55,2207,58.34,2304,0.75,0.90,0.93,0.85,50.05,0.54,24.51,20.40,    0,    0,466562,    0,    0,116853204,    0
60.01,2207,59.45,2207,57.78,2205,59.45,2207,60.01,2206,58.89,2207,57.78,2202,55.55,2207,60.01,2205,58.89,2205,58.89,2201,61.13,2202,58.34,2207,58.34,2206,59.45,2203,55.55,2206,57.22,2204,58.89,2203,60.01,2200,58.89,2205,59.45,2203,59.45,2204,58.89,2201,59.45,2201,57.78,2202,61.13,2202,60.57,2208,59.45,2207,59.45,2202,57.78,2205,58.89,2201,54.99,2208,60.57,2304,0.75,0.90,0.93,0.85,51.41,0.90,27.66,22.10,    0,    0,2622752,    0,    0,458322749,    0,52.75,2205,57.78,2208,52.75,2205,56.66,2204,56.10,2208,54.99,2204,56.10,2207,53.31,2204,55.55,2203,56.10,2204,56.10,2207,55.55,2206,55.55,2203,56.66,2206,57.22,2207,55.55,2201,56.10,2203,58.34,2200,58.89,2206,57.78,2205,56.10,2205,57.22,2200,56.66,2203,56.10,2206,51.08,2203,54.43,2201,56.10,2200,53.87,2206,57.22,2204,54.99,2206,56.10,2208,56.10,2207,57.78,2304,0.75,0.90,0.93,0.85,49.33,0.90,28.52,18.87,    0,    0,466562,    0,    0,116853204,    0
58.34,2207,59.45,2207,56.66,2205,60.57,2207,60.01,2206,60.01,2207,57.22,2202,55.55,2207,60.01,2205,60.57,2205,58.89,2201,60.01,2202,58.89,2207,58.34,2206,58.34,2203,56.10,2206,58.89,2204,58.34,2203,60.57,2200,60.01,2205,58.34,2203,60.01,2204,58.89,2201,58.89,2201,56.10,2202,61.13,2202,60.01,2208,61.13,2207,58.89,2202,56.66,2205,60.01,2201,53.31,2208,61.69,2304,0.75,0.90,0.93,0.85,57.51,0.90,26.25,20.48,    0,    0,2622752,    0,    0,458322749,    0,53.87,2205,57.22,2208,52.75,2205,56.66,2204,56.10,2208,54.43,2204,57.78,2207,53.87,2204,56.66,2203,56.66,2204,57.22,2207,56.66,2206,56.10,2203,56.66,2206,57.22,2207,54.43,2201,54.99,2203,57.22,2200,57.78,2206,58.34,2205,55.55,2205,56.10,2200,57.78,2203,55.55,2206,51.64,2203,54.99,2201,54.99,2200,55.55,2206,60.01,2204,54.99,2206,56.66,2208,54.43,2207,58.34,2304,0.75,0.90,0.93,0.85,54.68,0.54,27.30,20.40,    0,    0,466562,    0,    0,116853204,    0
60.57,2207,60.01,2207,58.34,2205,60.01,2207,60.57,2206,60.01,2207,57.78,2202,55.55,2207,60.57,2205,58.89,2205,58.89,2201,60.01,2202,58.34,2207,58.89,2206,58.89,2203,56.66,2206,58.89,2204,57.78,2203,61.69,2200,60.57,2205,60.01,2203,60.57,2204,58.89,2201,60.57,2201,57.78,2202,61.13,2202,60.01,2208,60.57,2207,60.01,2202,56.10,2205,58.89,2201,54.99,2208,60.57,2304,0.75,0.90,0.93,0.85,53.62,1.17,27.99,22.18,    0,    0,2622752,    0,    0,458322749,    0,54.43,2205,56.66,2208,53.31,2205,58.89,2204,56.10,2208,53.87,2204,57.78,2207,54.99,2204,56.10,2203,55.55,2204,56.66,2207,56.10,2206,56.66,2203,56.66,2206,57.22,2207,56.10,2201,56.10,2203,57.22,2200,58.89,2206,58.34,2205,55.55,2205,57.22,2200,56.66,2203,56.10,2206,52.75,2203,54.99,2201,56.66,2200,54.99,2206,59.45,2204,54.99,2206,57.22,2208,56.10,2207,59.45,2304,0.75,0.90,0.93,0.85,51.05,0.63,25.98,20.48,    0,    0,466562,    0,    0,116853204,    0
58.34,2207,60.57,2207,57.78,2205,60.57,2207,60.57,2206,58.89,2207,58.34,2202,56.66,2207,60.01,2205,60.01,2205,58.34,2201,61.13,2202,59.45,2207,58.89,2206,58.34,2203,54.99,2206,58.89,2204,58.34,2203,60.57,2200,59.45,2205,60.01,2203,61.13,2204,58.89,2201,60.01,2201,58.34,2202,62.24,2202,60.57,2208,59.45,2207,60.57,2202,56.66,2205,57.78,2201,55.55,2208,60.01,2304,0.75,0.90,0.93,0.85,47.32,1.08,27.21,22.36,    0,    0,2622752,    0,    0,458322749,    0,53.31,2205,57.22,2208,53.87,2205,57.78,2204,56.66,2208,54.99,2204,57.22,2207,54.43,2204,56.66,2203,56.10,2204,56.10,2207,56.66,2206,56.10,2203,57.22,2206,56.66,2207,56.10,2201,57.22,2203,57.22,2200,57.78,2206,58.89,2205,55.55,2205,57.22,2200,56.66,2203,57.22,2206,52.20,2203,54.43,2201,56.66,2200,54.99,2206,58.89,2204,55.55,2206,56.66,2208,56.66,2207,60.01,2304,0.75,0.90,0.93,0.85,50.12,0.81,22.39,20.66,    0,    0,466562,    0,    0,116853204,    0
59.45,2207,60.57,2207,58.34,2205,61.13,2207,61.69,2206,59.45,2207,58.89,2202,54.99,2207,58.89,2205,60.01,2205,58.89,2201,61.69,2202,58.89,2207,59.45,2206,57.22,2203,56.66,2206,58.89,2204,58.34,2203,60.57,2200,60.57,2205,60.57,2203,61.13,2204,60.01,2201,58.89,2201,57.22,2202,62.80,2202,60.57,2208,59.45,2207,58.34,2202,57.22,2205,57.78,2201,55.55,2208,60.01,2304,0.75,0.90,0.93,0.85,52.48,1.08,29.75,22.10,    0,    0,2622752,    0,    0,458322749,    0,54.43,2205,56.66,2208,52.75,2205,57.78,2204,57.78,2208,54.99,2204,56.66,2207,54.43,2204,55.55,2203,55.55,2204,55.55,2207,56.66,2206,56.66,2203,56.66,2206,56.66,2207,55.55,2201,56.10,2203,57.78,2200,56.66,2206,57.78,2205,55.55,2205,56.10,2200,57.78,2203,57.22,2206,52.20,2203,54.99,2201,57.22,2200,54.99,2206,58.89,2204,55.55,2206,56.66,2208,54.99,2207,60.01,2304,0.75,0.90,0.93,0.85,51.12,0.72,25.38,20.40,    0,    0,466562,    0,    0,116853204,    0
58.89,2207,60.01,2207,57.78,2205,59.45,2207,60.57,2206,59.45,2207,58.34,2202,56.10,2207,60.01,2205,58.89,2205,59.45,2201,61.13,2202,58.89,2207,58.89,2206,60.57,2203,55.55,2206,58.34,2204,58.34,2203,61.69,2200,60.57,2205,59.45,2203,61.13,2204,59.45,2201,58.89,2201,58.89,2202,62.80,2202,61.13,2208,59.45,2207,59.45,2202,57.78,2205,60.57,2201,55.55,2208,61.13,2304,0.75,0.90,0.93,0.85,51.84,1.17,27.75,22.27,    0,    0,2622752,    0,    0,458322749,    0,53.31,2205,57.78,2208,53.31,2205,57.78,2204,57.78,2208,54.43,2204,56.66,2207,55.55,2204,56.66,2203,56.66,2204,56.66,2207,56.10,2206,56.10,2203,56.66,2206,57.78,2207,54.43,2201,56.66,2203,57.78,2200,57.78,2206,59.45,2205,56.10,2205,57.78,2200,56.66,2203,56.66,2206,52.75,2203,54.43,2201,57.22,2200,55.55,2206,59.45,2204,54.99,2206,56.66,2208,56.66,2207,60.57,2304,0.75,0.90,0.93,0.85,50.69,0.36,26.88,20.48,    0,    0,466562,    0,    0,116853204,    0
59.45,2207,60.57,2207,59.45,2205,60.01,2207,60.57,2206,60.57,2207,58.89,2202,55.55,2207,60.01,2205,60.57,2205,60.01,2201,62.80,2202,58.89,2207,58.34,2206,58.34,2203,57.22,2206,58.89,2204,59.45,2203,61.69,2200,60.01,2205,60.01,2203,61.69,2204,59.45,2201,58.89,2201,57.78,2202,63.36,2202,61.13,2208,59.45,2207,59.45,2202,57.22,2205,60.57,2201,55.55,2208,60.57,2304,0.75,0.90,0.93,0.85,55.46,1.17,27.75,22.10,    0,    0,2622752,    0,    0,458322749,    0,54.43,2205,57.78,2208,52.75,2205,58.34,2204,57.22,2208,55.55,2204,57.78,2207,54.99,2204,57.22,2203,55.55,2204,56.66,2207,56.10,2206,56.10,2203,57.78,2206,56.66,2207,56.10,2201,56.10,2203,57.78,2200,58.89,2206,58.89,2205,56.66,2205,57.22,2200,56.10,2203,56.66,2206,53.87,2203,54.99,2201,57.22,2200,54.99,2206,58.34,2204,56.10,2206,57.22,2208,57.22,2207,59.45,2304,0.75,0.90,0.93,0.85,50.48,0.63,20.54,20.48,    0,    0,466562,    0,    0,116853204,    0
60.01,2207,60.57,2207,57.78,2205,61.69,2207,60.57,2206,60.01,2207,58.89,2202,56.66,2207,60.01,2205,60.01,2205,59.45,2201,60.57,2202,59.45,2207,58.34,2206,59.45,2203,56.10,2206,58.89,2204,59.45,2203,60.57,2200,60.01,2205,59.45,2203,61.69,2204,60.01,2201,58.34,2201,58.34,2202,63.36,2202,61.13,2208,60.57,2207,58.89,2202,58.89,2205,60.01,2201,54.43,2208,61.69,2304,0.75,0.90,0.93,0.85,50.12,0.72,28.88,22.36,    0,    0,2622752,    0,    0,458322749,    0,54.43,2205,57.78,2208,53.31,2205,58.34,2204,57.22,2208,54.43,2204,57.78,2207,54.43,2204,57.78,2203,57.78,2204,56.10,2207,57.78,2206,57.22,2203,57.22,2206,57.22,2207,57.22,2201,56.66,2203,57.78,2200,57.22,2206,58.34,2205,56.10,2205,57.22,2200,57.22,2203,56.66,2206,54.43,2203,55.55,2201,57.22,2200,55.55,2206,60.01,2204,56.10,2206,57.22,2208,56.66,2207,60.57,2304,0.75,0.90,0.93,0.85,48.11,0.45,33.27,20.74,    0,    0,466562,    0,    0,116853204,    0
60.01,2207,60.57,2207,57.78,2205,61.69,2207,60.57,2206,60.01,2207,59.45,2202,56.66,2207,60.01,2205,60.01,2205,58.89,2201,61.13,2202,58.89,2207,58.89,2206,59.45,2203,56.66,2206,58.34,2204,60.57,2203,60.57,2200,61.13,2205,60.57,2203,61.69,2204,60.01,2201,60.01,2201,57.78,2202,61.13,2202,61.69,2208,60.57,2207,60.57,2202,58.89,2205,59.45,2201,54.99,2208,61.13,2304,0.75,0.90,0.93,0.85,53.83,0.72,29.03,22.27,    0,    0,2622752,    0,    0,458322749,    0,54.99,2205,58.34,2208,53.31,2205,57.78,2204,57.22,2208,55.55,2204,58.34,2207,55.55,2204,57.78,2203,56.10,2204,57.22,2207,57.22,2206,56.66,2203,57.22,2206,57.22,2207,56.10,2201,56.66,2203,58.89,2200,58.89,2206,58.34,2205,57.78,2205,57.78,2200,57.22,2203,57.22,2206,53.31,2203,55.55,2201,57.78,2200,54.43,2206,59.45,2204,56.10,2206,57.22,2208,56.10,2207,60.01,2304,0.75,0.90,0.93,0.85,51.41,0.45,17.34,20.57,    0,    0,466562,    0,    0,116853204,    0
60.01,2207,61.69,2207,58.34,2205,61.13,2207,60.57,2206,60.57,2207,57.78,2202,56.66,2207,60.57,2205,60.57,2205,59.45,2201,61.13,2202,59.45,2207,58.89,2206,60.01,2203,56.10,2206,59.45,2204,60.01,2203,61.69,2200,61.13,2205,59.45,2203,61.13,2204,60.57,2201,58.89,2201,58.89,2202,62.24,2202,62.24,2208,61.13,2207,58.89,2202,58.89,2205,60.01,2201,54.99,2208,61.13,2304,0.75,0.90,0.93,0.85,56.45,1.08,27.48,22.27,    0,    0,2622752,    0,    0,458322749,    0,55.55,2205,57.22,2208,53.31,2205,59.45,2204,57.78,2208,56.10,2204,58.34,2207,55.55,2204,57.78,2203,57.22,2204,56.10,2207,57.78,2206,56.10,2203,57.78,2206,57.22,2207,55.55,2201,56.66,2203,58.89,2200,58.89,2206,59.45,2205,57.22,2205,57.78,2200,56.66,2203,57.22,2206,52.75,2203,55.55,2201,57.22,2200,54.99,2206,57.78,2204,56.66,2206,58.34,2208,57.22,2207,60.57,2304,0.75,0.90,0.93,0.85,51.12,0.99,26.94,20.40,    0,    0,466562,    0,    0,116853204,    0
59.45,2207,60.57,2207,57.78,2205,60.01,2207,61.13,2206,60.01,2207,58.89,2202,56.10,2207,61.13,2205,59.45,2205,60.01,2201,61.13,2202,58.89,2207,58.89,2206,60.01,2203,55.55,2206,58.89,2204,59.45,2203,61.69,2200,60.01,2205,60.01,2203,61.69,2204,59.45,2201,58.89,2201,59.45,2202,61.69,2202,60.57,2208,61.69,2207,60.57,2202,58.34,2205,58.89,2201,55.55,2208,61.69,2304,0.75,0.90,0.93,0.85,47.90,0.99,27.99,22.18,    0,    0,2622752,    0,    0,458322749,    0,54.99,2205,56.66,2208,55.55,2205,58.89,2204,57.78,2208,55.55,2204,58.34,2207,53.87,2204,57.22,2203,57.22,2204,56.66,2207,56.10,2206,56.66,2203,57.22,2206,56.66,2207,56.66,2201,56.10,2203,57.22,2200,59.45,2206,57.78,2205,56.66,2205,56.66,2200,58.34,2203,56.66,2206,53.87,2203,55.55,2201,56.66,2200,56.10,2206,60.01,2204,57.22,2206,57.22,2208,56.66,2207,59.45,2304,0.75,0.90,0.93,0.85,55.60,0.90,17.25,18.53,    0,    0,466562,    0,    0,116853204,    0
59.45,2207,61.13,2207,58.89,2205,60.57,2207,62.80,2206,60.57,2207,57.78,2202,56.10,2207,62.24,2205,59.45,2205,58.89,2201,61.13,2202,59.45,2207,60.01,2206,60.57,2203,56.10,2206,58.34,2204,60.57,2203,62.24,2200,60.01,2205,61.69,2203,62.24,2204,59.45,2201,60.01,2201,58.34,2202,61.13,2202,61.69,2208,60.01,2207,59.45,2202,58.34,2205,60.01,2201,54.99,2208,60.57,2304,0.75,0.90,0.93,0.85,54.68,1.26,27.99,22.18,    0,    0,2622752,    0,    0,458322749,    0,54.43,2205,58.89,2208,54.43,2205,57.78,2204,58.34,2208,55.55,2204,57.78,2207,54.99,2204,57.22,2203,57.22,2204,57.22,2207,56.66,2206,57.22,2203,57.22,2206,57.22,2207,57.22,2201,54.99,2203,58.89,2200,58.89,2206,60.01,2205,56.10,2205,57.22,2200,56.66,2203,57.22,2206,53.31,2203,55.55,2201,58.34,2200,53.87,2206,59.45,2204,56.66,2206,57.78,2208,57.78,2207,60.01,2304,0.75,0.90,0.93,0.85,50.26,0.72,28.61,17.93,    0,    0,466562,    0,    0,116853204,    0
60.57,2207,61.13,2207,59.45,2205,61.13,2207,61.69,2206,61.13,2207,59.45,2202,57.22,2207,61.13,2205,61.13,2205,59.45,2201,61.69,2202,58.34,2207,59.45,2206,61.13,2203,56.66,2206,59.45,2204,59.45,2203,61.69,2200,61.13,2205,60.57,2203,61.69,2204,60.57,2201,60.57,2201,58.89,2202,63.92,2202,61.69,2208,60.01,2207,60.57,2202,58.89,2205,58.34,2201,56.10,2208,61.13,2304,0.75,0.90,0.93,0.85,52.19,0.90,28.79,22.18,    0,    0,2622752,    0,    0,458322749,    0,54.43,2205,58.89,2208,53.87,2205,58.34,2204,58.34,2208,56.66,2204,57.78,2207,54.43,2204,58.34,2203,57.22,2204,57.22,2207,56.66,2206,56.66,2203,56.66,2206,57.78,2207,56.10,2201,57.22,2203,57.22,2200,58.89,2206,57.78,2205,57.22,2205,57.22,2200,58.34,2203,56.66,2206,53.31,2203,55.55,2201,57.78,2200,56.10,2206,60.01,2204,54.99,2206,57.78,2208,56.10,2207,61.13,2304,0.75,0.90,0.93,0.85,50.12,0.27,27.39,20.57,    0,    0,466562,    0,    0,116853204,    0
60.57,2207,60.57,2207,58.89,2205,61.13,2207,60.57,2206,59.45,2207,58.89,2202,57.78,2207,60.57,2205,61.13,2205,60.01,2201,62.24,2202,60.57,2207,59.45,2206,58.89,2203,56.10,2206,60.01,2204,59.45,2203,61.13,2200,60.01,2205,60.57,2203,60.57,2204,59.45,2201,60.57,2201,58.89,2202,62.80,2202,60.01,2208,61.13,2207,60.57,2202,59.45,2205,60.57,2201,56.10,2208,62.24,2304,0.75,0.90,0.93,0.85,52.12,1.17,28.70,19.55,    0,    0,2622752,    0,    0,458322749,    0,54.43,2205,58.89,2208,54.43,2205,58.89,2204,57.78,2208,56.10,2204,58.34,2207,55.55,2204,57.22,2203,57.22,2204,57.22,2207,57.22,2206,57.22,2203,57.78,2206,56.66,2207,57.22,2201,57.22,2203,58.89,2200,57.78,2206,58.89,2205,56.66,2205,56.66,2200,57.22,2203,56.66,2206,53.87,2203,56.10,2201,57.22,2200,55.55,2206,60.01,2204,56.66,2206,57.78,2208,57.22,2207,60.57,2304,0.75,0.90,0.93,0.85,51.12,0.72,27.48,20.57,    0,    0,466562,    0,    0,116853204,    0
61.13,2207,61.13,2207,58.89,2205,61.13,2207,61.69,2206,60.01,2207,58.34,2202,57.22,2207,61.13,2205,60.01,2205,58.34,2201,62.24,2202,59.45,2207,59.45,2206,59.45,2203,56.66,2206,58.89,2204,60.01,2203,62.24,2200,60.57,2205,61.13,2203,63.36,2204,60.57,2201,59.45,2201,60.01,2202,62.24,2202,61.13,2208,61.13,2207,61.13,2202,57.78,2205,60.01,2201,56.10,2208,61.13,2304,0.75,0.90,0.93,0.85,53.55,1.08,27.03,22.18,    0,    0,2622752,    0,    0,458322749,    0,55.55,2205,57.78,2208,53.87,2205,57.78,2204,58.34,2208,54.99,2204,58.34,2207,55.55,2204,57.78,2203,56.66,2204,57.22,2207,57.78,2206,57.22,2203,58.34,2206,57.78,2207,57.78,2201,56.10,2203,58.34,2200,58.89,2206,61.13,2205,57.78,2205,57.78,2200,57.78,2203,56.66,2206,53.87,2203,56.66,2201,58.89,2200,55.55,2206,60.01,2204,56.66,2206,57.22,2208,57.22,2207,61.13,2304,0.75,0.90,0.93,0.85,51.27,0.54,25.65,20.48,    0,    0,466562,    0,    0,116853204,    0
61.13,2207,61.69,2207,59.45,2205,61.13,2207,61.69,2206,58.34,2207,60.57,2202,57.78,2207,60.57,2205,60.57,2205,60.57,2201,60.01,2202,60.01,2207,58.89,2206,59.45,2203,57.78,2206,58.89,2204,59.45,2203,61.69,2200,61.13,2205,59.45,2203,62.24,2204,61.13,2201,59.45,2201,60.01,2202,62.80,2202,62.24,2208,60.57,2207,60.01,2202,58.89,2205,60.57,2201,54.99,2208,62.24,2304,0.75,0.90,0.93,0.85,51.19,1.35,28.25,20.14,    0,    0,2622752,    0,    0,458322749,    0,55.55,2205,58.89,2208,52.75,2205,57.22,2204,58.89,2208,56.10,2204,58.89,2207,55.55,2204,57.78,2203,57.78,2204,57.78,2207,57.78,2206,56.66,2203,57.22,2206,58.34,2207,56.10,2201,57.22,2203,59.45,2200,58.89,2206,59.45,2205,57.22,2205,58.34,2200,57.22,2203,56.66,2206,53.31,2203,56.66,2201,58.34,2200,57.22,2206,60.01,2204,56.66,2206,57.78,2208,57.22,2207,60.01,2304,0.75,0.90,0.93,0.85,45.51,0.72,27.57,20.40,    0,    0,466562,    0,    0,116853204,    0
61.13,2207,61.13,2207,58.89,2205,61.13,2207,62.80,2206,60.57,2207,60.01,2202,57.22,2207,61.13,2205,60.57,2205,60.57,2201,62.24,2202,60.01,2207,59.45,2206,61.13,2203,56.66,2206,58.34,2204,60.01,2203,62.80,2200,60.01,2205,61.69,2203,62.80,2204,60.01,2201,61.13,2201,60.57,2202,63.36,2202,61.69,2208,60.01,2207,61.13,2202,58.34,2205,58.89,2201,56.66,2208,62.80,2304,0.75,0.90,0.93,0.85,54.12,1.08,28.16,22.36,    0,    0,2622752,    0,    0,458322749,    0,54.99,2205,58.89,2208,53.87,2205,60.01,2204,56.66,2208,54.99,2204,58.89,2207,54.99,2204,56.66,2203,57.22,2204,58.34,2207,57.78,2206,57.22,2203,59.45,2206,59.45,2207,55.55,2201,55.55,2203,57.78,2200,59.45,2206,60.01,2205,57.78,2205,57.78,2200,57.22,2203,58.34,2206,53.87,2203,56.10,2201,59.45,2200,56.66,2206,59.45,2204,57.22,2206,58.89,2208,56.66,2207,61.69,2304,0.75,0.90,0.93,0.85,48.69,0.54,26.94,20.57,    0,    0,466562,    0,    0,116853204,    0
60.01,2207,61.69,2207,58.89,2205,62.80,2207,62.80,2206,60.01,2207,59.45,2202,57.78,2207,60.01,2205,60.57,2205,60.01,2201,62.24,2202,59.45,2207,60.57,2206,61.13,2203,58.34,2206,59.45,2204,60.01,2203,63.36,2200,60.57,2205,62.24,2203,62.80,2204,60.57,2201,60.01,2201,58.89,2202,63.92,2202,61.69,2208,60.57,2207,61.13,2202,59.45,2205,60.57,2201,57.22,2208,62.24,2304,0.75,0.90,0.93,0.85,53.48,1.08,28.16,22.36,    0,    0,2622752,    0,    0,458322749,    0,54.43,2205,58.34,2208,53.87,2205,59.45,2204,58.89,2208,55.55,2204,58.89,2207,56.66,2204,57.78,2203,58.34,2204,57.22,2207,57.78,2206,57.22,2203,58.89,2206,57.78,2207,57.22,2201,56.66,2203,58.89,2200,59.45,2206,58.89,2205,57.22,2205,58.34,2200,57.78,2203,57.22,2206,53.31,2203,57.22,2201,60.01,2200,55.55,2206,61.13,2204,56.66,2206,57.78,2208,57.22,2207,60.01,2304,0.75,0.90,0.93,0.85,49.48,0.36,27.21,20.82,    0,    0,466562,    0,    0,116853204,    0
61.13,2207,61.13,2207,57.22,2205,61.13,2207,61.13,2206,61.13,2207,60.01,2202,57.78,2207,61.13,2205,61.13,2205,61.13,2201,62.80,2202,60.01,2207,59.45,2206,61.13,2203,57.22,2206,58.34,2204,60.57,2203,61.69,2200,61.13,2205,61.13,2203,62.24,2204,60.01,2201,60.57,2201,60.01,2202,62.80,2202,61.69,2208,60.01,2207,61.69,2202,57.78,2205,61.69,2201,57.22,2208,60.57,2304,0.75,0.90,0.93,0.85,53.83,1.26,26.79,22.36,    0,    0,2622752,    0,    0,458322749,    0,55.55,2205,58.34,2208,55.55,2205,59.45,2204,59.45,2208,56.10,2204,59.45,2207,55.55,2204,57.78,2203,58.34,2204,57.78,2207,57.22,2206,57.22,2203,57.78,2206,58.34,2207,57.22,2201,56.10,2203,57.22,2200,59.45,2206,58.89,2205,56.10,2205,58.34,2200,57.78,2203,58.34,2206,53.87,2203,56.10,2201,58.34,2200,56.66,2206,59.45,2204,57.22,2206,57.22,2208,58.34,2207,61.13,2304,0.75,0.90,0.93,0.85,49.12,0.45,20.91,18.19,    0,    0,466562,    0,    0,116853204,    0
61.13,2207,61.69,2207,59.45,2205,61.69,2207,60.57,2206,60.01,2207,59.45,2202,58.34,2207,61.13,2205,61.13,2205,60.01,2201,62.80,2202,60.57,2207,60.01,2206,60.57,2203,58.34,2206,60.01,2204,60.01,2203,62.80,2200,60.01,2205,61.13,2203,62.24,2204,60.01,2201,60.57,2201,60.01,2202,62.80,2202,62.24,2208,62.24,2207,60.57,2202,59.45,2205,61.13,2201,56.66,2208,60.57,2304,0.75,0.90,0.93,0.85,53.40,0.90,28.79,22.36,    0,    0,2622752,    0,    0,458322749,    0,54.43,2205,58.89,2208,52.75,2205,58.89,2204,58.34,2208,56.66,2204,58.34,2207,54.99,2204,58.89,2203,57.78,2204,58.34,2207,57.78,2206,57.78,2203,58.34,2206,57.22,2207,56.66,2201,57.78,2203,60.57,2200,60.01,2206,58.89,2205,57.78,2205,57.22,2200,58.89,2203,57.78,2206,54.99,2203,56.66,2201,57.78,2200,56.66,2206,60.57,2204,56.66,2206,58.34,2208,56.66,2207,61.13,2304,0.75,0.90,0.93,0.85,50.55,0.81,27.57,17.43,    0,    0,466562,    0,    0,116853204,    0
61.13,2207,61.69,2207,58.89,2205,61.13,2207,61.69,2206,61.13,2207,58.89,2202,57.78,2207,61.69,2205,60.01,2205,60.57,2201,63.36,2202,59.45,2207,61.13,2206,61.13,2203,56.66,2206,60.57,2204,60.01,2203,62.80,2200,61.13,2205,61.13,2203,63.36,2204,61.13,2201,61.13,2201,60.01,2202,61.69,2202,62.24,2208,61.69,2207,60.01,2202,59.45,2205,60.57,2201,56.10,2208,62.24,2304,0.75,0.90,0.93,0.85,50.41,1.08,27.12,22.44,    0,    0,2622752,    0,    0,458322749,    0,56.10,2205,59.45,2208,54.99,2205,58.89,2204,57.78,2208,56.66,2204,60.01,2207,56.66,2204,57.78,2203,58.89,2204,58.34,2207,58.34,2206,57.78,2203,58.89,2206,59.45,2207,57.78,2201,57.22,2203,58.89,2200,60.01,2206,60.01,2205,57.78,2205,58.34,2200,58.34,2203,56.66,2206,54.43,2203,57.22,2201,58.34,2200,55.55,2206,59.45,2204,57.78,2206,58.89,2208,56.66,2207,60.01,2304,0.75,0.90,0.93,0.85,51.27,0.63,26.25,20.66,    0,    0,466562,    0,    0,116853204,    0
62.80,2207,61.69,2207,60.57,2205,62.80,2207,62.80,2206,61.13,2207,60.01,2202,57.22,2207,61.69,2205,60.57,2205,60.57,2201,62.80,2202,61.13,2207,60.01,2206,60.01,2203,57.78,2206,60.57,2204,62.24,2203,62.80,2200,61.13,2205,60.57,2203,62.80,2204,60.57,2201,58.89,2201,58.89,2202,62.24,2202,61.69,2208,61.13,2207,61.69,2202,58.89,2205,60.57,2201,55.55,2208,62.24,2304,0.75,0.90,0.93,0.85,52.69,1.17,27.57,22.44,    0,    0,2622752,    0,    0,458322749,    0,56.10,2205,58.34,2208,54.99,2205,59.45,2204,57.78,2208,57.22,2204,60.57,2207,56.10,2204,59.45,2203,57.22,2204,58.89,2207,57.78,2206,58.34,2203,57.78,2206,59.45,2207,57.22,2201,56.66,2203,59.45,2200,61.13,2206,58.89,2205,58.89,2205,58.89,2200,58.34,2203,56.66,2206,54.43,2203,57.22,2201,58.89,2200,57.78,2206,61.13,2204,56.66,2206,59.45,2208,57.78,2207,61.13,2304,0.75,0.90,0.93,0.85,51.27,0.81,24.24,20.66,    0,    0,466562,    0,    0,116853204,    0
61.69,2207,62.80,2207,60.57,2205,62.80,2207,61.13,2206,60.57,2207,59.45,2202,57.78,2207,62.80,2205,61.69,2205,60.57,2201,63.36,2202,60.57,2207,60.01,2206,61.13,2203,58.34,2206,60.01,2204,60.57,2203,63.36,2200,60.57,2205,61.69,2203,62.80,2204,61.13,2201,61.69,2201,59.45,2202,62.80,2202,61.69,2208,62.24,2207,60.57,2202,58.89,2205,61.69,2201,56.66,2208,63.36,2304,0.75,0.90,0.93,0.85,53.62,0.90,27.66,22.44,    0,    0,2622752,    0,    0,458322749,    0,54.99,2205,58.89,2208,54.43,2205,58.89,2204,58.89,2208,56.66,2204,60.01,2207,56.66,2204,56.66,2203,57.22,2204,57.78,2207,58.34,2206,57.78,2203,58.89,2206,58.89,2207,57.78,2201,57.22,2203,57.78,2200,61.13,2206,60.01,2205,57.22,2205,58.89,2200,59.45,2203,57.78,2206,53.87,2203,57.22,2201,59.45,2200,55.55,2206,60.01,2204,57.22,2206,58.89,2208,57.22,2207,61.13,2304,0.75,0.90,0.93,0.85,53.12,0.36,27.48,20.57,    0,    0,466562,    0,    0,116853204,    0
60.01,2207,61.69,2207,59.45,2205,61.69,2207,63.36,2206,62.24,2207,60.57,2202,58.34,2207,61.69,2205,61.13,2205,60.57,2201,62.24,2202,61.69,2207,60.01,2206,61.13,2203,56.66,2206,60.01,2204,61.13,2203,62.24,2200,60.01,2205,61.13,2203,62.80,2204,60.57,2201,60.01,2201,60.57,2202,62.80,2202,62.80,2208,61.69,2207,61.69,2202,59.45,2205,61.69,2201,56.10,2208,61.69,2304,0.75,0.90,0.93,0.85,52.12,1.17,25.56,22.36,    0,    0,2622752,    0,    0,458322749,    0,54.99,2205,60.01,2208,54.99,2205,60.01,2204,58.89,2208,57.22,2204,60.01,2207,57.22,2204,58.34,2203,58.34,2204,58.34,2207,58.89,2206,57.78,2203,58.34,2206,57.78,2207,57.22,2201,57.78,2203,61.13,2200,61.13,2206,59.45,2205,58.34,2205,58.34,2200,59.45,2203,57.22,2206,54.99,2203,57.22,2201,59.45,2200,57.78,2206,60.57,2204,57.22,2206,58.89,2208,57.78,2207,61.13,2304,0.75,0.90,0.93,0.85,50.62,0.63,26.70,20.40,    0,    0,466562,    0,    0,116853204,    0
61.69,2207,62.24,2207,60.57,2205,62.24,2207,62.24,2206,62.24,2207,60.01,2202,57.22,2207,62.24,2205,61.69,2205,60.57,2201,63.36,2202,60.01,2207,60.57,2206,60.01,2203,58.34,2206,60.01,2204,61.13,2203,62.80,2200,61.13,2205,61.13,2203,63.36,2204,60.57,2201,61.69,2201,60.57,2202,63.36,2202,62.80,2208,61.13,2207,60.57,2202,58.89,2205,60.57,2201,57.78,2208,61.13,2304,0.75,0.90,0.93,0.85,53.40,1.08,22.84,22.52,    0,    0,2622752,    0,    0,458322749,    0,54.43,2205,58.89,2208,54.99,2205,60.01,2204,57.78,2208,57.78,2204,58.89,2207,56.66,2204,58.89,2203,57.78,2204,57.22,2207,58.34,2206,57.78,2203,58.89,2206,59.45,2207,58.34,2201,56.66,2203,58.34,2200,60.57,2206,60.57,2205,57.78,2205,58.34,2200,59.45,2203,58.34,2206,54.43,2203,56.10,2201,60.01,2200,57.22,2206,61.13,2204,58.34,2206,58.89,2208,57.78,2207,62.24,2304,0.75,0.90,0.93,0.85,50.77,0.63,24.96,20.66,    0,    0,466562,    0,    0,116853204,    0
60.57,2207,62.24,2207,60.57,2205,63.36,2207,62.24,2206,61.13,2207,60.57,2202,58.34,2207,62.24,2205,60.57,2205,60.57,2201,62.80,2202,60.57,2207,60.01,2206,61.69,2203,58.89,2206,60.01,2204,61.69,2203,63.92,2200,61.13,2205,62.80,2203,63.36,2204,60.57,2201,61.69,2201,60.57,2202,63.36,2202,61.69,2208,61.13,2207,61.69,2202,58.34,2205,60.57,2201,57.22,2208,62.24,2304,0.75,0.90,0.93,0.85,54.25,0.99,28.08,22.36,    0,    0,2622752,    0,    0,458322749,    0,56.66,2205,59.45,2208,54.43,2205,59.45,2204,58.89,2208,57.78,2204,59.45,2207,56.10,2204,58.34,2203,57.78,2204,57.78,2207,58.89,2206,57.78,2203,59.45,2206,60.01,2207,57.22,2201,58.89,2203,60.01,2200,60.57,2206,60.01,2205,57.78,2205,57.78,2200,58.89,2203,58.34,2206,53.87,2203,57.22,2201,58.89,2200,57.22,2206,61.13,2204,57.78,2206,59.45,2208,57.22,2207,61.13,2304,0.75,0.90,0.93,0.85,52.19,0.63,27.39,20.66,    0,    0,466562,    0,    0,116853204,    0
61.69,2207,63.36,2207,59.45,2205,61.13,2207,61.69,2206,61.13,2207,60.57,2202,58.89,2207,62.24,2205,61.13,2205,61.13,2201,62.80,2202,61.13,2207,61.13,2206,60.57,2203,58.34,2206,61.13,2204,60.57,2203,62.80,2200,61.69,2205,61.69,2203,63.36,2204,60.01,2201,60.57,2201,60.57,2202,64.48,2202,62.24,2208,61.69,2207,60.57,2202,58.34,2205,61.69,2201,57.22,2208,63.36,2304,0.75,0.90,0.93,0.85,52.55,0.81,27.93,22.44,    0,    0,2622752,    0,    0,458322749,    0,55.55,2205,59.45,2208,54.99,2205,60.01,2204,59.45,2208,57.78,2204,58.89,2207,57.78,2204,60.01,2203,58.34,2204,57.22,2207,57.78,2206,57.22,2203,59.45,2206,58.34,2207,58.34,2201,57.22,2203,60.57,2200,60.57,2206,61.13,2205,59.45,2205,59.45,2200,59.45,2203,58.34,2206,54.43,2203,57.22,2201,59.45,2200,56.66,2206,61.13,2204,57.78,2206,58.89,2208,58.89,2207,61.69,2304,0.75,0.90,0.93,0.85,51.55,0.54,25.98,20.74,    0,    0,466562,    0,    0,116853204,    0
61.69,2207,61.69,2207,60.01,2205,62.24,2207,62.24,2206,62.24,2207,60.01,2202,58.89,2207,63.36,2205,60.57,2205,62.24,2201,62.24,2202,61.69,2207,60.57,2206,61.69,2203,57.78,2206,59.45,2204,62.24,2203,63.92,2200,62.80,2205,61.69,2203,63.36,2204,61.69,2201,61.13,2201,61.13,2202,63.36,2202,62.24,2208,62.80,2207,61.69,2202,59.45,2205,62.24,2201,57.22,2208,63.36,2304,0.75,0.90,0.93,0.85,53.97,1.08,28.43,22.36,    0,    0,2622752,    0,    0,458322749,    0,56.10,2205,60.01,2208,54.43,2205,60.01,2204,59.45,2208,57.78,2204,60.57,2207,57.22,2204,57.78,2203,59.45,2204,58.34,2207,57.78,2206,57.78,2203,59.45,2206,60.01,2207,57.78,2201,57.22,2203,57.78,2200,60.57,2206,60.57,2205,57.78,2205,58.89,2200,58.89,2203,58.89,2206,53.87,2203,57.22,2201,60.57,2200,57.22,2206,61.69,2204,57.78,2206,58.89,2208,58.34,2207,60.57,2304,0.75,0.90,0.93,0.85,51.62,0.63,27.57,19.38,    0,    0,466562,    0,    0,116853204,    0
62.24,2207,61.69,2207,60.01,2205,62.80,2207,62.80,2206,61.13,2207,60.01,2202,58.89,2207,62.24,2205,61.13,2205,61.69,2201,63.36,2202,61.13,2207,61.69,2206,62.24,2203,57.22,2206,59.45,2204,60.57,2203,63.92,2200,62.24,2205,61.69,2203,63.36,2204,61.69,2201,61.13,2201,60.57,2202,63.36,2202,62.24,2208,61.13,2207,61.13,2202,58.89,2205,62.24,2201,57.22,2208,62.80,2304,0.75,0.90,0.93,0.85,53.12,1.17,27.75,22.27,    0,    0,2622752,    0,    0,458322749,    0,56.66,2205,60.01,2208,54.43,2205,60.01,2204,58.89,2208,57.22,2204,59.45,2207,56.66,2204,57.78,2203,58.89,2204,58.34,2207,57.78,2206,58.89,2203,59.45,2206,59.45,2207,57.78,2201,57.78,2203,60.57,2200,60.57,2206,60.01,2205,59.45,2205,57.78,2200,57.78,2203,58.89,2206,54.99,2203,58.34,2201,58.89,2200,55.55,2206,60.57,2204,57.22,2206,59.45,2208,57.78,2207,61.69,2304,0.75,0.90,0.93,0.85,56.38,0.45,27.21,20.57,    0,    0,466562,    0,    0,116853204,    0
61.69,2207,60.57,2207,60.57,2205,62.24,2207,62.24,2206,62.24,2207,61.13,2202,58.89,2207,63.92,2205,60.57,2205,61.69,2201,63.92,2202,61.13,2207,60.57,2206,61.13,2203,58.34,2206,61.13,2204,60.57,2203,62.80,2200,61.13,2205,61.69,2203,63.36,2204,61.13,2201,62.24,2201,60.57,2202,63.92,2202,62.24,2208,61.13,2207,61.13,2202,59.45,2205,61.69,2201,58.34,2208,62.24,2304,0.75,0.90,0.93,0.85,51.34,1.26,27.12,22.44,    0,    0,2622752,    0,    0,458322749,    0,56.10,2205,58.89,2208,54.43,2205,59.45,2204,59.45,2208,56.66,2204,59.45,2207,57.22,2204,58.34,2203,58.34,2204,60.01,2207,58.34,2206,58.34,2203,58.34,2206,58.89,2207,57.22,2201,58.89,2203,60.01,2200,61.69,2206,61.13,2205,58.89,2205,58.89,2200,58.89,2203,57.78,2206,54.43,2203,57.78,2201,59.45,2200,57.22,2206,61.13,2204,57.78,2206,59.45,2208,58.89,2207,61.13,2304,0.75,0.90,0.93,0.85,55.11,0.54,27.12,20.57,    0,    0,466562,    0,    0,116853204,    0
61.69,2207,62.24,2207,60.01,2205,61.69,2207,63.92,2206,61.69,2207,60.57,2202,58.34,2207,62.80,2205,62.24,2205,61.13,2201,63.36,2202,61.69,2207,62.24,2206,62.24,2203,57.78,2206,60.57,2204,61.13,2203,63.92,2200,63.36,2205,61.69,2203,63.36,2204,61.13,2201,61.69,2201,61.69,2202,63.92,2202,62.24,2208,62.80,2207,61.69,2202,60.01,2205,62.24,2201,57.78,2208,63.92,2304,0.75,0.90,0.93,0.85,50.19,1.35,28.08,20.32,    0,    0,2622752,    0,    0,458322749,    0,56.10,2205,60.01,2208,54.99,2205,58.89,2204,59.45,2208,57.78,2204,60.57,2207,57.22,2204,58.89,2203,58.34,2204,58.89,2207,58.34,2206,58.89,2203,59.45,2206,59.45,2207,57.22,2201,58.89,2203,59.45,2200,61.69,2206,61.69,2205,58.89,2205,58.89,2200,59.45,2203,58.89,2206,54.99,2203,56.66,2201,58.89,2200,57.22,2206,60.57,2204,58.34,2206,58.89,2208,57.78,2207,63.36,2304,0.75,0.90,0.93,0.85,51.41,0.45,27.30,20.66,    0,    0,466562,    0,    0,116853204,    0
62.80,2207,63.36,2207,60.57,2205,62.24,2207,63.92,2206,62.24,2207,61.13,2202,60.01,2207,61.69,2205,61.69,2205,61.13,2201,63.92,2202,61.13,2207,60.57,2206,62.24,2203,59.45,2206,60.01,2204,62.80,2203,64.48,2200,62.24,2205,61.13,2203,63.92,2204,60.57,2201,62.80,2201,60.01,2202,65.59,2202,63.36,2208,61.13,2207,61.69,2202,59.45,2205,61.69,2201,58.34,2208,63.36,2304,0.75,0.90,0.93,0.85,55.67,1.08,24.33,22.44,    0,    0,2622752,    0,    0,458322749,    0,56.66,2205,59.45,2208,55.55,2205,60.01,2204,59.45,2208,57.78,2204,59.45,2207,57.78,2204,59.45,2203,59.45,2204,58.89,2207,60.01,2206,59.45,2203,60.01,2206,58.89,2207,58.89,2201,57.78,2203,59.45,2200,60.57,2206,61.13,2205,60.57,2205,59.45,2200,59.45,2203,60.01,2206,53.87,2203,57.22,2201,60.01,2200,57.22,2206,61.69,2204,58.34,2206,59.45,2208,58.89,2207,61.69,2304,0.75,0.90,0.93,0.85,51.98,0.63,26.94,20.74,    0,    0,466562,    0,    0,116853204,    0
59.45,2207,59.45,2207,57.22,2205,59.45,2207,58.89,2206,58.89,2207,57.78,2202,56.10,2207,60.01,2205,58.34,2205,57.78,2201,60.01,2202,57.78,2207,57.78,2206,59.45,2203,57.22,2206,57.78,2204,57.78,2203,60.01,2200,57.22,2205,58.34,2203,60.01,2204,57.78,2201,57.78,2201,58.89,2202,61.13,2202,59.45,2208,58.34,2207,58.34,2202,56.66,2205,58.89,2201,54.99,2208,57.78,2304,0.75,0.90,0.93,0.85,31.49,0.63,15.93,18.36,    0,    0,2622752,    0,    0,458322749,    0,53.31,2205,56.66,2208,51.64,2205,56.66,2204,54.99,2208,54.99,2204,56.66,2207,54.43,2204,54.99,2203,54.99,2204,55.55,2207,54.99,2206,54.99,2203,54.43,2206,53.87,2207,53.87,2201,55.55,2203,56.66,2200,56.66,2206,56.10,2205,55.55,2205,55.55,2200,56.10,2203,56.10,2206,52.75,2203,54.99,2201,56.10,2200,53.31,2206,58.89,2204,54.99,2206,56.10,2208,56.10,2207,57.78,2304,0.75,0.90,0.93,0.85,29.20,0.09,15.47,16.57,    0,    0,466562,    0,    0,116853204,    0
60.01,2207,58.34,2207,56.66,2205,59.45,2207,60.01,2206,58.34,2207,57.22,2202,56.66,2207,60.01,2205,57.78,2205,57.22,2201,59.45,2202,57.22,2207,57.78,2206,56.66,2203,54.43,2206,57.22,2204,58.89,2203,59.45,2200,57.22,2205,58.34,2203,58.34,2204,56.10,2201,58.34,2201,58.34,2202,61.13,2202,59.45,2208,58.89,2207,58.34,2202,56.66,2205,57.22,2201,54.43,2208,57.78,2304,0.75,0.90,0.93,0.85,29.71,0.72,15.74,18.27,    0,    0,2622752,    0,    0,458322749,    0,53.31,2205,56.10,2208,51.64,2205,54.99,2204,53.87,2208,53.31,2204,57.22,2207,54.43,2204,57.22,2203,55.55,2204,53.87,2207,54.43,2206,54.99,2203,54.99,2206,56.10,2207,53.87,2201,54.43,2203,56.66,2200,56.66,2206,56.66,2205,54.43,2205,55.55,2200,54.99,2203,56.10,2206,52.20,2203,54.99,2201,54.99,2200,53.87,2206,56.66,2204,54.99,2206,56.10,2208,56.10,2207,57.78,2304,0.75,0.90,0.93,0.85,27.30,0.00,15.29,16.49,    0,    0,466562,    0,    0,116853204,    0
57.78,2207,58.89,2207,56.10,2205,58.89,2207,58.34,2206,58.34,2207,57.22,2202,55.55,2207,60.01,2205,57.22,2205,56.10,2201,60.01,2202,57.22,2207,57.22,2206,57.22,2203,55.55,2206,56.66,2204,56.10,2203,60.01,2200,56.66,2205,58.34,2203,60.01,2204,56.10,2201,57.22,2201,57.78,2202,60.01,2202,58.34,2208,57.78,2207,57.78,2202,57.22,2205,57.22,2201,54.43,2208,58.89,2304,0.75,0.90,0.93,0.85,29.42,0.81,15.83,18.27,    0,    0,2622752,    0,    0,458322749,    0,52.20,2205,56.10,2208,51.64,2205,57.22,2204,54.99,2208,53.87,2204,56.66,2207,53.87,2204,55.55,2203,55.55,2204,53.87,2207,54.43,2206,54.99,2203,56.10,2206,54.99,2207,54.99,2201,52.75,2203,55.55,2200,56.10,2206,56.66,2205,53.87,2205,53.87,2200,55.55,2203,54.43,2206,52.75,2203,53.31,2201,55.55,2200,52.75,2206,56.10,2204,53.87,2206,56.10,2208,56.10,2207,57.78,2304,0.75,0.90,0.93,0.85,26.94,0.27,15.29,16.41,    0,    0,466562,    0,    0,116853204,    0
59.45,2207,59.45,2207,56.66,2205,58.89,2207,58.89,2206,56.66,2207,57.22,2202,55.55,2207,58.89,2205,58.34,2205,57.78,2201,58.89,2202,57.22,2207,56.66,2206,57.22,2203,54.99,2206,57.22,2204,57.22,2203,60.01,2200,57.78,2205,57.22,2203,60.01,2204,57.22,2201,58.34,2201,57.78,2202,59.45,2202,57.78,2208,57.22,2207,57.22,2202,54.99,2205,57.78,2201,54.43,2208,57.22,2304,0.75,0.90,0.93,0.85,29.64,0.27,15.83,18.27,    0,    0,2622752,    0,    0,458322749,    0,53.31,2205,56.10,2208,52.20,2205,55.55,2204,54.99,2208,52.75,2204,56.10,2207,53.87,2204,56.10,2203,54.99,2204,54.43,2207,54.43,2206,53.31,2203,54.99,2206,55.55,2207,54.99,2201,53.87,2203,54.99,2200,56.10,2206,55.55,2205,54.43,2205,54.43,2200,54.99,2203,54.99,2206,52.20,2203,53.87,2201,54.99,2200,52.75,2206,57.22,2204,54.43,2206,54.99,2208,55.55,2207,56.66,2304,0.75,0.90,0.93,0.85,27.01,0.36,15.20,16.41,    0,    0,466562,    0,    0,116853204,    0
58.89,2207,58.89,2207,56.66,2205,58.89,2207,60.01,2206,57.22,2207,55.55,2202,54.99,2207,58.34,2205,58.34,2205,57.22,2201,57.78,2202,57.22,2207,56.10,2206,57.22,2203,55.55,2206,57.78,2204,57.78,2203,60.57,2200,56.66,2205,57.22,2203,58.89,2204,56.10,2201,57.78,2201,57.78,2202,58.89,2202,58.89,2208,57.22,2207,57.78,2202,56.10,2205,57.78,2201,55.55,2208,57.78,2304,0.75,0.90,0.93,0.85,29.42,0.54,15.74,18.19,    0,    0,2622752,    0,    0,458322749,    0,53.31,2205,56.10,2208,51.64,2205,56.10,2204,54.99,2208,52.20,2204,56.10,2207,54.43,2204,56.10,2203,53.87,2204,54.99,2207,53.87,2206,53.87,2203,54.43,2206,53.87,2207,54.43,2201,54.43,2203,55.55,2200,57.22,2206,55.55,2205,53.87,2205,53.87,2200,54.43,2203,56.10,2206,51.64,2203,53.87,2201,54.99,2200,53.31,2206,57.22,2204,53.87,2206,55.55,2208,55.55,2207,56.66,2304,0.75,0.90,0.93,0.85,26.72,0.09,15.20,16.41,    0,    0,466562,    0,    0,116853204,    0
58.34,2207,58.89,2207,54.99,2205,58.34,2207,58.89,2206,58.89,2207,54.99,2202,54.99,2207,59.45,2205,56.66,2205,56.10,2201,59.45,2202,56.66,2207,56.66,2206,56.66,2203,53.87,2206,57.22,2204,58.34,2203,58.89,2200,57.22,2205,58.34,2203,58.89,2204,56.66,2201,58.34,2201,57.22,2202,61.13,2202,58.34,2208,57.78,2207,57.78,2202,56.10,2205,56.66,2201,53.31,2208,57.78,2304,0.75,0.90,0.93,0.85,29.20,0.27,15.83,18.19,    0,    0,2622752,    0,    0,458322749,    0,53.87,2205,56.66,2208,51.08,2205,55.55,2204,54.99,2208,52.75,2204,54.99,2207,53.31,2204,54.43,2203,54.43,2204,54.99,2207,53.31,2206,54.43,2203,54.43,2206,54.99,2207,53.87,2201,54.43,2203,56.10,2200,56.10,2206,55.55,2205,54.43,2205,54.99,2200,54.43,2203,54.43,2206,51.08,2203,53.31,2201,54.99,2200,52.75,2206,57.22,2204,54.99,2206,54.99,2208,55.55,2207,55.55,2304,0.75,0.90,0.93,0.85,26.64,0.00,15.29,16.41,    0,    0,466562,    0,    0,116853204,    0
60.01,2207,57.78,2207,55.55,2205,58.89,2207,58.89,2206,57.22,2207,56.66,2202,54.99,2207,59.45,2205,57.22,2205,56.66,2201,58.89,2202,57.22,2207,57.78,2206,56.66,2203,55.55,2206,55.55,2204,56.66,2203,59.45,2200,57.78,2205,57.22,2203,57.78,2204,56.66,2201,58.89,2201,56.66,2202,60.57,2202,58.89,2208,57.22,2207,57.78,2202,56.10,2205,56.66,2201,53.87,2208,57.78,2304,0.75,0.90,0.93,0.85,29.42,0.72,15.74,18.19,    0,    0,2622752,    0,    0,458322749,    0,52.20,2205,54.43,2208,50.52,2205,55.55,2204,54.99,2208,52.75,2204,55.55,2207,53.31,2204,56.10,2203,52.75,2204,54.43,2207,53.87,2206,53.87,2203,53.87,2206,54.99,2207,53.31,2201,55.55,2203,55.55,2200,56.10,2206,56.66,2205,54.99,2205,54.43,2200,54.99,2203,54.99,2206,51.64,2203,53.31,2201,55.55,2200,52.75,2206,57.22,2204,54.43,2206,54.99,2208,56.10,2207,56.66,2304,0.75,0.90,0.93,0.85,26.86,0.18,15.29,16.49,    0,    0,466562,    0,    0,116853204,    0
58.89,2207,58.89,2207,55.55,2205,59.45,2207,58.34,2206,57.78,2207,56.10,2202,55.55,2207,57.78,2205,57.22,2205,56.10,2201,58.34,2202,56.10,2207,57.22,2206,57.22,2203,54.99,2206,56.66,2204,57.22,2203,60.01,2200,57.22,2205,57.78,2203,59.45,2204,57.22,2201,57.78,2201,56.66,2202,59.45,2202,58.34,2208,57.78,2207,57.22,2202,56.10,2205,57.22,2201,54.99,2208,58.89,2304,0.75,0.90,0.93,0.85,30.30,0.63,15.83,18.19,    0,    0,2622752,    0,    0,458322749,    0,53.31,2205,54.43,2208,51.08,2205,53.87,2204,54.99,2208,53.31,2204,54.99,2207,53.87,2204,55.55,2203,54.43,2204,54.43,2207,54.43,2206,52.75,2203,54.99,2206,53.87,2207,54.43,2201,54.43,2203,55.55,2200,57.22,2206,55.55,2205,54.43,2205,54.43,2200,53.87,2203,52.75,2206,51.08,2203,53.31,2201,54.43,2200,53.31,2206,57.22,2204,54.43,2206,54.99,2208,53.87,2207,57.22,2304,0.75,0.90,0.93,0.85,27.01,0.18,15.38,16.41,    0,    0,466562,    0,    0,116853204,    0
60.01,2207,57.78,2207,56.66,2205,57.22,2207,58.89,2206,58.34,2207,57.78,2202,55.55,2207,58.34,2205,56.66,2205,56.66,2201,60.01,2202,56.66,2207,56.66,2206,56.66,2203,54.99,2206,57.22,2204,57.22,2203,58.89,2200,57.22,2205,57.22,2203,59.45,2204,56.66,2201,57.78,2201,57.22,2202,60.57,2202,59.45,2208,57.78,2207,57.78,2202,55.55,2205,57.22,2201,53.87,2208,57.78,2304,0.75,0.90,0.93,0.85,29.57,0.63,15.74,18.19,    0,    0,2622752,    0,    0,458322749,    0,52.75,2205,54.99,2208,51.64,2205,54.99,2204,55.55,2208,52.75,2204,54.99,2207,53.31,2204,55.55,2203,53.31,2204,54.43,2207,52.75,2206,52.20,2203,54.43,2206,54.43,2207,54.99,2201,54.43,2203,54.99,2200,54.99,2206,56.66,2205,54.43,2205,53.31,2200,54.43,2203,53.87,2206,51.08,2203,53.31,2201,54.99,2200,52.75,2206,56.10,2204,53.31,2206,54.99,2208,54.99,2207,57.22,2304,0.75,0.90,0.93,0.85,26.94,0.00,15.29,16.41,    0,    0,466562,    0,    0,116853204,    0
58.89,2207,57.22,2207,56.66,2205,58.34,2207,58.34,2206,57.78,2207,56.66,2202,55.55,2207,59.45,2205,57.78,2205,56.66,2201,57.22,2202,57.22,2207,56.66,2206,57.22,2203,54.99,2206,56.66,2204,55.55,2203,58.34,2200,57.78,2205,57.78,2203,57.78,2204,56.66,2201,56.10,2201,57.22,2202,60.01,2202,57.22,2208,56.66,2207,57.78,2202,55.55,2205,57.22,2201,53.31,2208,57.22,2304,0.75,0.90,0.93,0.85,28.95,0.45,15.74,18.19,    0,    0,2622752,    0,    0,458322749,    0,52.75,2205,55.55,2208,51.64,2205,54.43,2204,54.43,2208,52.20,2204,55.55,2207,53.31,2204,55.55,2203,53.31,2204,53.87,2207,53.87,2206,53.31,2203,55.55,2206,53.87,2207,53.87,2201,53.87,2203,56.10,2200,55.55,2206,54.99,2205,53.87,2205,54.43,2200,54.43,2203,54.43,2206,52.20,2203,53.31,2201,56.10,2200,52.75,2206,56.10,2204,53.31,2206,55.55,2208,54.43,2207,57.22,2304,0.75,0.90,0.93,0.85,26.50,0.00,15.20,16.41,    0,    0,466562,    0,    0,116853204,    0
58.89,2207,57.78,2207,56.10,2205,58.34,2207,58.89,2206,57.78,2207,56.10,2202,54.99,2207,60.01,2205,56.66,2205,56.10,2201,58.34,2202,56.10,2207,56.66,2206,56.66,2203,54.99,2206,57.22,2204,57.22,2203,58.89,2200,56.10,2205,57.22,2203,57.78,2204,56.66,2201,56.66,2201,57.78,2202,59.45,2202,58.34,2208,57.22,2207,56.66,2202,57.22,2205,56.66,2201,53.87,2208,56.66,2304,0.75,0.90,0.93,0.85,29.17,0.72,15.65,18.19,    0,    0,2622752,    0,    0,458322749,    0,53.31,2205,54.99,2208,50.52,2205,56.66,2204,54.43,2208,52.20,2204,56.10,2207,53.31,2204,54.99,2203,53.87,2204,53.87,2207,53.31,2206,53.31,2203,53.31,2206,54.99,2207,53.87,2201,53.31,2203,56.10,2200,55.55,2206,55.55,2205,53.31,2205,52.75,2200,53.87,2203,53.87,2206,50.52,2203,53.31,2201,53.31,2200,52.75,2206,56.66,2204,52.75,2206,53.87,2208,55.55,2207,54.99,2304,0.75,0.90,0.93,0.85,27.08,0.18,15.12,16.41,    0,    0,466562,    0,    0,116853204,    0
